Title,Source,Question,Question Link,Question Author,Question Date,Answer,Answer Link,Answer Author,Answer Date
측만증치료 해야 할까요?,,"안녕하세요
초등학교 여자아이를 키우는 엄마 입니다.
다름이 아니라 저희 아이가 다른 병원에서 측만증 진단을 받았는데 측만증을 치료 해야 하는건가요
아이가 아직 초등학생이니 그냥 두면 되는건지 치료를 해야 하는지 궁금합니다.
아이는 어릴때 부터 운동이라고는 택권도 말고는 한것이 없는데 왜 측만증이 생겼는지...
측만증치료를 꼭 해야 하는 건가요?",http://xn--od1b68l0cz88csgeeoi.com/bbs/board.php?bo_table=online&wr_id=796&page=1,관우 엄마,04-01,No answer,N/A,N/A,N/A
허리 수술해야 될까요?,,"안녕하세요
최근에 허리가 아파서 병원에 갔더니 수술을 하자고 하더라구요
평소에 허리가 가끔 아픈 경우가 있었는데 최근 일을 하다가 삐긋 하는 일이 있었는데 움직은게 너무 힘들더군요
그래서 집근처 병원에 갔더니 수술 이야기 부터 하던데 수술은 제가 좀...
허리 수술을 하지 말라고 말도 많이 들어서
형편상 일을 쉴수도 없어서 수술하게 되면 입원도 해야 하고 수술없이 치료를 할수 있나요?
수술은 안하고 싶은데
좀 쉬면 괜찮아 질런지도 궁금합니다.
답변 부탁 드립니다.",http://xn--od1b68l0cz88csgeeoi.com/bbs/board.php?bo_table=online&wr_id=792&page=1,민수,03-10,"온누리통증의원 김영환원장입니다.
진료받으신 병원에서 어떠한 진단과 판단으로 수술을 권유하셨는지가 일단 명확하지 않기 때문에 다변을 드리는데 한계와 조심스러움이 있습니다.
일단 허리수술을 한다는 목적에 대해서 횐자분도 이해를 하셔야 합니다. 허리수술은 허리 문제의 다양한 이유와 진단, 상태등이 있을 건데 허리로부터 하지로 이어지는 신경의 영구적 손상을 수술적 치료를 제외한 보존적 치료로는 방법이 없을 때 시행하는 겁니다.따라서 환자분이 수술을 하기 싫다고 해도 반드시 해야 하는 수술도 있는 겁니다.하지만 수술을 하게 되며 신경은 보존될지 모르지만 허리의 기능적 부분은 휴유증이 남을 수 밖에 없으므로 허리기능상실 부분과 신경보존 양쪽에 대해서 고민을 해야 하는 게 중요합니다.
현재 환자분의 증상 표현만으로 보존적 치료가 가능한지 허리를 사용하는 운동기능등에 문제는 어느 정도인지 확인할수 없으므로 진찰과 진료가 필요해 보입니다.
환자분도 또한 알고 계셔야 하는 부분은 허리에 문제가 있어 지금 아프고 불편하신 것을 해결하는 것도 중요하지만 휴유증 없이 낫고 재발을 방지하는 것은 더욱 중요한 만큼 본인의 생활등에서 일하는 것을 제외한 부분의 개선에 대한 본인 의지와 노력이 같이 있어야 향후에 문제가 없는 허리가 된다는 사실입니다.
허리에 대한 신경치료등을 포함한 다양한 보존적 치료와 허리 상태에 대한 기능적 평가를 포함과 검진과 재활운동치료스케줄도 본원은 갖추고 있는 만큼 시간이 되시면 내원하셔서 진료 받아 보시길 권해 드릴게요.
여하튼 빠른 쾌유로 건강한 허리로 빠른 시간내에 회복하시길 바라겠습니다.",http://xn--od1b68l0cz88csgeeoi.com/bbs/board.php?bo_table=online&wr_id=795&page=1,관리자,03-10
엄마가 허리가 아프데요,,"엄마가 허리가 아프다는데 병원에서 치료 받으면 될까요
허리 아프다고 하시면서도 병원에 가지 않으시네요
그냥 있으면 괜찮아 질거라고 하시는데 그냥 있어도 될런지 ㅡ.,ㅡ",http://xn--od1b68l0cz88csgeeoi.com/bbs/board.php?bo_table=online&wr_id=791&page=1,희현,03-10,"온누리통증의원 김영환원장입니다.
몸의 어느 부위의 불편감이나 통증도 아무리 사사로운 강도일지라도 가끔 아프고 괜찮을 때가 있다고 하더라도 원인이 존재합니다.
참을 만 하다고 두게 되면 원인도 복잡해 지고 질환도 깊어 지게 됩니다.
허리에 경우도 넘어지거나 다치지 않은 상태라면 아무리 힘들게 허리를 쓰시는 분이라도 허리의 기능적 특성과 지속적이고 반복되는 통증이 있다는 건 정상이 아닙니다.
기회 되신다면 병원에 내원하셔서 허리 증상이 만성이 되지 않게 하는 치료와 원인에 대한 상담과 진료를 받아 보시길 바랍니다.
좋은 하루되세요",http://xn--od1b68l0cz88csgeeoi.com/bbs/board.php?bo_table=online&wr_id=794&page=1,관리자,03-10
날개뼈 근처 통증,,"안녕하세요
다름이 아니라 최근에 날개뼈 근처가 많이 아파서 고생하고 있는데요
이런곳도 치료 가능할까요
운동을 하고 있는것도 아닌데 왜 이쪽이 아픈지 모르겠네요
치료가능한지 혹 왜 아픈건지 알수 있을까요?",http://xn--od1b68l0cz88csgeeoi.com/bbs/board.php?bo_table=online&wr_id=790&page=1,훈,03-10,"온누리통증의원 김영환원장입니다.
견갑골 주위 통증으로 고생하시는 걸로 보입니다.
당연히 저희 병원에서 치료가 가능합니다.
이러한 견갑골 주위 통증은 다치거나 하지 않은 전제하에 근육 근막의 과긴장과 부종등에 의한 근육근막통증과 이러한 상태의 근육근막에 의해 근막 사이에 존재하는 신경과 혈관이 이차적으로 압박되어 신경통, 혈관통이 유발되어 생긴 것으로 판단됩니다.
근복적인 원인을 찾다 보면 만성적인 경추 견갑골 긴장도를 필요하게 된 신체기능, 자세등 오래기간의 문제로 유발될 수 있습니다.
통증 완화를 위한 다양한 치료적 접근과 만성적으로 내제된 문제에 대한 재발 방지를 재활적 치료등을 시행하고 있으므로 명확한 상태 파악과 그에 따른 적절한 치료가 이루어 질수 있도록 내원하셔서 진찰과 상담 받아 보시길 권해 드릴게요.
아무쪼록 빠른 쾌유를 빌겠습니다.",http://xn--od1b68l0cz88csgeeoi.com/bbs/board.php?bo_table=online&wr_id=793&page=1,관리자,03-10
무릅 dna주사도 가능합니까,,무릅 dna주사 치료도 시술합니까.,http://xn--od1b68l0cz88csgeeoi.com/bbs/board.php?bo_table=online&wr_id=788&page=1,무릅,02-06,"온누리통증의원 김영환 원장입니다.
PDRN(플라센텍스) 일명 DNA주사 치료를 무릎에 적용해서 당연히 저희 병원에서도 시행하고 있습니다.
하지만 중요한 것은 무릎이 불편하시다면 그 원인이 중요하고 원인에 따른 적절한 치료가 적용되어야지만 증상에 개선뿐만 아니라 휴유증이 남지 않을 겁니다.
따라서 DNA 주사치료에 도움을 받으실수 있는 문제인지 일차적인 확인 무엇보다 중요하리라 여겨딥니다.
병원 방문하셔서 원인에 대한 정확한 확인후 치료 방법들에 대해서 상담 받아 보시길 권해 드립니다.
좋은 하루되세요.",http://xn--od1b68l0cz88csgeeoi.com/bbs/board.php?bo_table=online&wr_id=789&page=1,관리자,02-06
허리가 갑자기 아파요,,"저 갑자기 허리가 아프네요
일어서기도 힘들고 걷기도 힘들어서 지금은 누워만 있습니다.
여기 저기 알아보니 디스크가 터진거라고 하는데 큰 병원 가면 바로 수술을 하자고 할듯하여
혹 이 병원에서는 수술없이 치료가 가능 할런지 문의 드립니다.
평소에 허리가 좋지 않다고 느낀 적은 없는데
지금은 누워 있는것 만 가능....
혹시 치료 가능할까요?
큰 병원 가서 수술하고 치료 하기가 여건이 안돼서...
답변 부탁드립니다.",http://xn--od1b68l0cz88csgeeoi.com/bbs/board.php?bo_table=online&wr_id=786&page=1,성호,01-17,"온누리통증의원 김영환원장입니다.
평상시 별문제 없으시다가 갑작스러운 통증과 불편감으로 힘드실 것라 생각됩니다.
허리 요추등의 문제가 심각해져서 어쩔수 없이 수술을 해야만 하는 경우는 수술적 방법이 요추로부터 골반을 거쳐서 하지로 내려가는 신경의 영구적 손상으로 인한 신경장애를 막을 수 있는 유일한 경우에만 수술을 고려해야 합니다. 왜냐면 어떠한 형태의 허리수술도 수술후 허리기능이나 허리상태가 좋아지게 하는 수술은 없기 때문입니다.
보존적 치료로 허리 통증을 해결 가능하신 상태인지에 대한 평가가 일단은 필요하고 그에 따라 치료 방법, 치료약제, 치료후 재활과정까지 다르게 적용되는 만큼 내원하셔서 진료와 상담을 받아 보시길 바랍니다.",http://xn--od1b68l0cz88csgeeoi.com/bbs/board.php?bo_table=online&wr_id=787&page=1,관리자,01-17
아이 어깨 높이가 다른거 같은데 이런것도 측만증 때문 인가요?,,"안녕하세요
초등학생 여자 아이 엄마 입니다.
얼마전에 무심코 아이를 보는데 아이 어깨 높이가 다른것 같더라구요
아이가 잘못 서있는 건가 하고 보니 양 발로 서있는데 어깨 높이가 다른것이 신경 쓰여서
이야기 했더니 자기는 바로 서 있는 거라고 하는데
제가 보기에 어깨 높이가 차이가 나더군요
여기 저기 찾아 보니 측만증 때문 일수 있을것 같아 문의 드립니다.
혹 측만증 때문 이라면 치료를 하는게 맞는건지
아니면 아이에게 계속 바로 어깨 높이 맞추라고 하는게 맞는건지....
답변 부탁드립니다.",http://xn--od1b68l0cz88csgeeoi.com/bbs/board.php?bo_table=online&wr_id=783&page=1,민정,01-11,"온누리통증의원 김영환 원장입니다.
단순히 어깨 높이가 다르다고 측만이 있다고 단정할수는 없습니다.척추의 측만증이 없어도 서 있는 자세에서 양쪽 어깨 높이 차이가 발생할수 있기 때문입니다.다만 측만증의 가능성도 배제할수는 없는 만큼 확인은 필요해 보입니다.
초등학생이라면 아직 성장이 끝난 것이 아니기에 측만증이 있다면 성장 과정상에 더 측만의 악화될수 있으므로 측만증 진단이 된 경우는 확인과 관리가 필요합니다. 또한 측만적 요소를 가진 아이들의 경우 또래들에 비해 신체 감각이나 콘트롤 능력, 근지구력등이 다소 떨이지는 경우가 흔한 만큼 정상적인 성장을 위해서 아이에 맞는 운동이 필요하고 경우에 따라서는 재활적 운동치료가 요구되기도 합니다.
측만에 대한 정확한 평가와 현재 신체기능등의 수준을 확인하기 위한 저희 병원의 검진 프로그램을 이용해 보시길 추천드립니다.
측만은 치료보다는 관리 차원의 문제인 만큼 조기에 치료를 시작할수록 예후나 경과가 좋을 가능성이 큽니다.",http://xn--od1b68l0cz88csgeeoi.com/bbs/board.php?bo_table=online&wr_id=785&page=1,관리자,01-14
아이 키가 얼마나 클까요? 알수 있나요?,,"안녕하세요
중학생 남자 아이를 키우고 있는 엄마에요
저희 아이가 또래 보다 키가 좀 작은데 예상 키를 알수 있을까요?
예상 키 보다 좀더 클수도 있는건지 궁금합니다.
키가 클려면 어떤 운동을 하는게 좋은지 알려 주실수 있을까요?",http://xn--od1b68l0cz88csgeeoi.com/bbs/board.php?bo_table=online&wr_id=782&page=1,인선,01-11,"온누리통증의원 김영환 원장입니다.
예상키는 자제분의 현재 성장판의 상태와 현재키를
통해 예측하여 가능한 예상키를 알수 있습니다.
다만 키라는 것에서 성장판과 뼈의 성장 만큼이나 중요한 것이 척추를 축으로 한 신체 균형과 이를 유지하는 기능 또한 중요하고 근육량과 근육 활용성이 중요합니다.
이러한 것들의 조화를 위해 운동이 필요한 것일 겁니다.어떠한 운동이 좋으냐에서 항상 중요한 것은 각각의 개인의 신체 기능에 맞느냐가 중요합니다. 무턱대고 운동을 많이 하는 것만이 좋은 것은 아니라는 겁니다.
성장 관련 뿐만 아니라 자녀분의 운동 관련 기능까지 확인하는 검진 프로그램이 저희 병원에 있는 만큼 기회가 되신다면 한번쯤 받아 보시길 권해 드립니다.
도움이 되셨길 바라겠습니다.",http://xn--od1b68l0cz88csgeeoi.com/bbs/board.php?bo_table=online&wr_id=784&page=1,관리자,01-14
연골 연화증,,Content not found.,http://xn--od1b68l0cz88csgeeoi.com/bbs/board.php?bo_table=online&wr_id=780&page=2,연화증,12-06,Content not found.,http://xn--od1b68l0cz88csgeeoi.com/bbs/board.php?bo_table=online&wr_id=781&page=2,관리자,12-07
소아 측만증 치료 해야 할까요?,,"안녕하세요
저 초등학교 6학년 남학생 부모입니다.
최근 아이가 학교에서 검진을 받았는데 측만증이 있다고 하네요
여기 저기 찾아 보니 치료를 해야 하는건지 아니면 그냥 두어도 될런지 판단하기 너무 어려워서
이렇게 글을 남김니다.
아이는 특별히 아픈곳은 없다고 하는데 외형적으로 이상도 보이지 않는것 같구요
아프지 않는데 치료를 꼭 해야할까요
아이 학원때문에 시간이 될런지 그것두 궁금하구요
혹 치료를 한다면 시간은 얼마나 걸린지
빠른 답변 부탁드립니다.",http://xn--od1b68l0cz88csgeeoi.com/bbs/board.php?bo_table=online&wr_id=777&page=2,찬성엄마,12-03,"온누리통증의원 김영환 원장입니다.
자제분의 측만증 진단을 들으셔서 걱정이 많으신 것 같습니다.
측만증의 정도와 부위등을 정확히 알지 못하는 상태에서 말씀 드리기에는 조심스러운 부분이 있습니다.
우선 측만증의 요소에는 선천적인 기질적 문제와 성장과정상의 운동 부족이나 잘못된 습관등과 연계된 기능적 문제가 대개는 혼재되어 있습니다.
당연히 심한 각도의 측만증이 존채해도 청소년기나  소아기에는 통증이나 불편감이 존재하지 않는 경우가 대부분입니다.성인만큼의 신체적 스트레스가 덜하니까요.
측만증이 존재하는 경우 치료적 접근을 하는 이유는 치료하는 의사 입장마다 다를 수 있겠지만 저희 병원 입장에서는 성장 과정상에 측만증이 더 진행될수 있다는 것도 문제지만 측만증의 요소를 가진 경우 성인이 되어서 측만증과 연계된 신체 기능이나 역할적인 부분이 정상인에 비해 떨어질 확률이 크고 그로 인해 근골격계 문제를 포함한 내과적 질환등에 노출될 확률이 커진다는 게 문제입니다.
본원의 경우 측만증 환자의 상태를 확인할 때 단순히 방사선 소견상의 각도나 모양만 확인하는 것이 아니라 신체 기능적 문제점 유무에 대한 확인도 같이 진행하는 만큼 내원하셔서 확인해 보시길 권해 드립니다. 재활적 부분의 치료를 시행하는 경우 일주일에 한번 정도의 내원으로 진행하는 만큼 학업에 부담되지는 않을 것으로 보이며 현재는 불편감이 명확히 없다고 해도 신체적 안정성에 문제가 있으면 학업 집중도에도 결국 영향을 주는 만큼 공부와 운동의 균형 유지는 청소년기에 중요한 요소라 생각합니다.
미리 예약하시면 원하는 시간에 측만증 관련 검진이 가능한 만큼 시간 나실 때 한번 내원 하시길 권해 드립니다.",http://xn--od1b68l0cz88csgeeoi.com/bbs/board.php?bo_table=online&wr_id=779&page=2,관리자,12-06
무릎치료도 가능한가요?,,"안녕하세요
40대 남자 입니다.
최근들어 오른쪽 무릎이 계속아픈데 치료가능할까요?
최근 운동을 심하게 한것도 없구 몸무게가 늘어 난것도 아닌데
쑤시듯이 아프네요
예전에 농구를 좀 하기는 했는데 최근 몇년간 운동을 한적은 없는데
최근들어 계속 아프네요
병원에 가서 치료를 받으면 나을런지....
그냥 쉬어 주면 좋아 질런지...",http://xn--od1b68l0cz88csgeeoi.com/bbs/board.php?bo_table=online&wr_id=776&page=2,강호,12-03,"온누리통증의원 김영환 원장입니다.
무릎 통증의 경우 무릎내 연골이나 인대 문제부터
무릎 주변 근육이나 인대 윤활낭등 다양한 부위와
문적로 인해 발생하는 만큼 단순히 기술하신 내용안을 가지고 문제의 원인과 상태를 예측하기는 쉽지 않아 보입니다.
하지만 낙상이나 사고등의 문제가 없는 상태에서 발생한 무릎 통증은 무릎의 손상이나 염증등의 반응이 오랜 기간 누적되면서 생겼을 가능성이 큰 만큼 만성화 요인이 큽니다. 따라서 초기에 문제에 맞는 치료적 접근이 필요하고 경우에 따라서는 재발 방지를 위한 운동치료등을 포함한 채활 치료가 더해져야 할수도 있습니다.
본원은 방사선 검사뿐만 아니라 초음파 검사등으로 정확한 상태 진단이 가능하고 뼈주사 사용없이 진행되는 보존적 치료와 타병원과 다른 운동인지치료 개념에 재활적 도수치료로 재발 방지 노력도 병행하고 있으니 내원하셔서 진료를 받아 보시길 권해 드립니다. 아무쪼록 빠른 쾌유를 바라겠습니다.",http://xn--od1b68l0cz88csgeeoi.com/bbs/board.php?bo_table=online&wr_id=778&page=2,관리자,12-06
어깨 통증 치료 가능 하나요?,,"어깨통증때문에 고생하고 있는 40대 남자 입니다.
정형외과에서는 수술할 정도는 아니라고 하는데  치료를 받아도 썩 나아지는것 없이 계속 아프네요
주위에서 스테로이드를 계속맞으면 안좋다고 하는데 일도 해야 하고 계속 아프고 어떻게 해야 할지 모르겟네요
쉬어주면 괜찮다고 하는데 일을 쉴수도 없고 방법이 없을까요?",http://xn--od1b68l0cz88csgeeoi.com/bbs/board.php?bo_table=online&wr_id=771&page=2,창원,12-02,"온누리통증의원 김영환원장입니다.
어깨 관절의 만성적인 문제에 접근할 때 반복적인 스테로이드 주사 치료는
당장의 증상 완화에 도움이 되기는 하지만 만성도와 관절상태 악화의 원인이 되기에
저희 병원은 사용을 하지 않고 있습니다.
오랜 기간 재발과 악화를 반복한 어깨 문제는 분명히 기간을 가진 근본적인 치료접근으로
치료하지 않으면 계속 문제는 일시적 호전만 있지 반복될 수 밖에 없습니다.
어깨 관절 문제는 사용량이 많아서의 문제보다 어깨 관절 운동의 메인 축의 역할을
하는 경추와 심지어 허리 문제와 연계된 결과이기에 잘낫지 않는 것입니다.
스테로이드 사용은 하지 않는 다고 하더라도 인정비급여 치료 주사제나 물리치료 방법등으로
통증 완화와 어깨 운동 범위 회복에 도움을 드릴 수 있으며 또한 기간이 소요되더라도
근본적인 어깨 기능 회복을 위한 재활치료 프로그램을  갖추고 있는 만큼
내원하셔서 상담 받아 보시길 권해 드립니다.
아무쪼록 빠른 쾌유를 빌겠습니다.",http://xn--od1b68l0cz88csgeeoi.com/bbs/board.php?bo_table=online&wr_id=775&page=2,관리자,12-02
측만증과 공부가 상관이 있나요?,,"안녕하세요
중2 여학생 학부모 입니다. 다름이 아니라 저희 아이가 책상에 앉으면 얼마 있지 못하고 허리랑 등이 아프다고
자리에서 일어 납니다.
꾀병인거 같아 처음에는 많이 뭐라고 하고 했는는데 아프다고 꾀병아니라고 싸우기도 했는데
자기는 공부 하고 싶어도 조금 시간이 지나면 허리랑 등이 아프다고 하니 속상하고 원인도 모르겠고
애가 공부를 좀 했느면 하는데....
아이가 얼마전에 측만증이라고 듣기는 했는데 이것과 상관이 있는건가요?
답답한 마음에 글을 남겨 봅니다.",http://xn--od1b68l0cz88csgeeoi.com/bbs/board.php?bo_table=online&wr_id=770&page=2,민하,12-02,"공부를 해야하는 중2 학생의 학부모님으로서 허리 통증으로 공부를 방해하는 부분에서 고민이 크시겠습니다.
일단 측만증의 유무와 상관없이 중2의 학업량 정도에서 허리 통증을 느끼는 것만으로 병적인 상태라 보셔야 합니다.
성인이라도 마찬가지입니다.
왜냐면 이런 상태가 만성화되는 경우에 수술이 필요한 허리디스크로 가게 되기 때문입니다.
허리의 근육량이나 근지구력등의 부족이 허리 통증의 일정부분 원인일수 있으므로 우선은 운동량을 증가시켜 보실 필요가 있고
허리 문제의 대부분이 단순히 근육 힘의 부족만이 아니라 허리를 사용하고 지탱하는
기능과 감각의 부족이 원인인 경우가 많고 성장기의 학생의 경우는 성인이 되어서 근골격계 질환이나 만성피로증후군의
원인으로 작용할 가능성이 큰 만큼 측만증이 이런 기능 부족의 원인인지 여부와
나이대의 정상적인 발달 상테인지 확인 해 보실 필요는 있어 보입니다.
저희 병원 검진 프로그램을 통해 확인이 가능하시며 성장이 완료된 시기보다는 개선 가능성이 큰 만큼 홈페이지 내용 확인해 보시고
내원해 보시길 권해 드립니다.",http://xn--od1b68l0cz88csgeeoi.com/bbs/board.php?bo_table=online&wr_id=773&page=2,관리자,12-02
프롤로 치료,,Content not found.,http://xn--od1b68l0cz88csgeeoi.com/bbs/board.php?bo_table=online&wr_id=769&page=2,무릅통증,11-19,Content not found.,http://xn--od1b68l0cz88csgeeoi.com/bbs/board.php?bo_table=online&wr_id=774&page=2,관리자,12-02
협착증도 치료 가능한가요,,"안녕하세요
허리 협착증도 치료 가능한가요
저희 어머니가 협착증으로 오래도록 고생하고 계신데 치료를 어떻게 해야 하는지 해서
저희 어머님이 가신 병원도 수술여부를 저희 보고 결정하라고 하시는데..
연세도 있으시고 주위에 수술 하신분들도 여전히 아프시다고 하셔서 수술을 해도 될런지 궁금합니다.
혹 치료를 진행 한다면 어떤 치료를 하는지도 궁금 하구요
답변 부탁 드립니다.",http://xn--od1b68l0cz88csgeeoi.com/bbs/board.php?bo_table=online&wr_id=766&page=2,이옥자,10-11,"안녕하세요 온누리통증의원 입니다.
우선 저희 원에서는 환자분의 상태에 따라 치료를 달리 하고 있으나
수술적인 치료가 고민이신 정도라면  저희 원에서는 허리 신경 차단술을 시행하고 있습니다.
신경 차단술이라고 하여 신경을 끈어 낸다던가 하는 치료 방법이 아니라  ^^;;;
주신경에서 나오는 불편을 호소하는 신경관에 약물을 주입하여 예민해저 있는 신경을 진정 시키는 수술이라고
생각하시면 편할듯 합니다.
물론 신경차단술을 한다고 하여 통증을 평새 없에는 시술은 아닙니다.
일시적 으로 일상생활이 가능 하도록 돕고 현재 불편감을 호소 하는 강도를 낮추어 드리는 역할을 하는 것으로
시술을 받으시고 여러 재활적인 요소를 시행 하셔야  병번 재발 확률을 낮출수있습니다.
수술의 경우도 마찬 가지로 수술을 하신다고 평생 아프지 않은것을 아니며 수술 후 시간이 경과 함에 따라
수술전 보다 더한 통증을 호소하실수 있는 바
신중히 생각하시여 결정 하시기 바랍니다.
혹 저희 원에 내원 하신다면 예약 부탁드립니다.
문의전화 : 051-714-1831",http://xn--od1b68l0cz88csgeeoi.com/bbs/board.php?bo_table=online&wr_id=768&page=2,관리자,11-12
허리 디스크 치료 어떻게 하나요,,"허리 디스크 판정을 얼마전에 받았는데요
여기 병원에서는 어떻게 치료를 하나요
사진을 찍은 병원에서는 수술 여부를 저보고 하라는 식으로 말씀 하셔서
수술을 해야 하는지 안해도 되는지 고민이 많이 있습니다.
일하는 것에는 괜찮은데 생활할때 한번씩 힘들때가 있어서 고민이 많네요
수술 하는게 나을지 안해도 되런지 정말....
병원에서 저보고 알아서 하라고 하니 답답하기만 하네요
그래도 수술보다는 치료가 좋겠죠?
답변 부탁 드립니다.",http://xn--od1b68l0cz88csgeeoi.com/bbs/board.php?bo_table=online&wr_id=765&page=2,이병현,10-11,"안녕하세요 온누리통증의원 입니다.
문의 주신 글에 답을 하자면 수술 유무는 환자분께서 결정 하시는것이 맞습니다.
하지만 우선 생각해 보셔야 할것은 허리 수술 특히 척추 수술의 경우 수술이 만능을 아니라는 것입니다.
허리 특히 척추 수술의 경우 허리 뼈를 부수어 신경이 지나가는 길을 넓혀 주서 신경의 눌림을 줄여주는 수술로
다리로 가는 신경을 살리기 위해서 하는 수술이라고 보는 것이 맞습니다.
하여 저희 병원에서는 수술을 잘 권해 드리지 않습니다.
문의 주신 환자분의 경우 당장 수술적인 치료가 필요 하신것은 아니라고 판단 됩니다만 정확한 진단을 위해서는
내원 하시여 원장님 상담을 권해 드립니다.
저희 원에서는 허리 통증의 경우 신경차단술 등의 시술적인 방법과 도수 치료 및 물리치료, 운동도수치료(재활) 등을 통하여
수술없이 생활 하실수 있도록 도와드리고 있습니다.
수술 여부 결정 전에 다양한 의견을 수렵하시길 권해드립니다.
내원 전 예약 부탁드립니다.
문의전화 : 051-714-1831",http://xn--od1b68l0cz88csgeeoi.com/bbs/board.php?bo_table=online&wr_id=767&page=3,관리자,11-12
키크는 방법 알수 있을까요?,,"안녕하세요
중학교2학년 학생인데요
제가 키가 작아서 고민 입니다.
키 커지는 그런 운동? 같은거 알수 있을까요?",http://xn--od1b68l0cz88csgeeoi.com/bbs/board.php?bo_table=online&wr_id=763&page=3,김여울,10-10,"안녕하세요 온누리통증의원 입니다.
문의 주신 내용이 성장 관련 문의 인듯 하여 답변 드리겠습니다.
우선 저희 원에서는 간단한 검사를 통하여 예상 키를 알수 있을듯 하며 이를 바탕으로 예상 수치 키 보다
조금 이라도 더 클 수있도록 노력 하고 있습니다.
성장 관련 운동을 문의 하셨는데 일상에서 키와 관련된 운동은 가장 기본적으로 줄넘기, 점프 등이 있습니다.
하지만 이런것 들 보다는 좀더 체계적이고 안정적인 운동을 통하여 성장을 도모하시는것을 권해 드립니다.
문의 주신 분의 정확한 몸상태등을 알수 없어 어떠한 운동을 권해 드리기는 어려울듯 하며 가장 기본적인 운동을 알려 드렸으나
이런 운동이 문의 주신 분의 성장에 도움이 될지는 알수 없는 병원에서 정확한 진단을 받아 보고 영양 상태 및 몸상태를
면밀히 확인 후 도움을 드릴수 있을것으로 생각됩니다.
내원 하시게 되면 아직 미성년자 인듯 하니 보호자와 함께 방문 하시길 권해 드립니다.
문의 전화 : 051-714-1831",http://xn--od1b68l0cz88csgeeoi.com/bbs/board.php?bo_table=online&wr_id=764&page=3,관리자,10-11
목 디스크 수술 해야 할나요?,,"저 병원에서 목 디스크 수술을 하자고 하는데 수술 해야 할까요
팔저림이 항상 있어서 병원갔더니 검사하자고 해서 MRI, CT, X레이 등 검사하고
의사선생님 만나봤는데 목 디스크라고 수술 하자고 하시는데
솔직히 겁도 나고 수술하는게 맞는건지 정말 수술하기 싫은데 수술을 해야할까요
ㅠ.ㅠ
겁나서 여러곳을 찾아 보니 수술해야 한다는 곳도 있고 하지 말라는 곳도 있고 한데
어떻해 하는게 좋을지 몰르겠어요
여기 병원에서 수술없이 치료를 한다고 해서 문의 드립니다.
수술 안하는 방법 없을까요?",http://xn--od1b68l0cz88csgeeoi.com/bbs/board.php?bo_table=online&wr_id=760&page=3,박성민,10-10,"안녕하세요 온누리통증의원 입니다.
문의 주신 목 디스크 수술의 경우 저희 원에서는 권해 드리지 않고 있는 상황이나
환자분의 정확한 상태를 알수 없는 관계로 수술 여부를 말씀 드릴수는 없을듯 합니다.
저희 원장님 께서 환자분의 현재 상태를 정확히 판단 하여야 하므로 혹 내원 하신다면 타 병원에서 촬영하신
영상 자료를 가져 오시면 진료 및 치료에 도움을 드릴수 있을듯 합니다.
참고로 저희 원에서는 목 디스크 확인아라 하더라도 신경차단술 등의 시술을 통하여 증상을 완화 시켜 수술없이 일상생활이
가능하도록 유도 하고 있습니다.
정말 응급으로 수술을 하셔야 하는 상황이 아니시라면 저희 원장님과 상담을 해보시길 권해 드립니다.
내원전 예약 부탁 드립니다.
문의전화 : 051-714-1831",http://xn--od1b68l0cz88csgeeoi.com/bbs/board.php?bo_table=online&wr_id=762&page=3,관리자,10-10
두통때문에 너무 힘들어요,,"안녕하세요
두통때문에 너무 힘든 대학생 입니다.
매일 두통을 달고 사는데 어떻게 해야 할까요
약을 먹어도 그때 뿐이고 너무 약을 먹어서 그런지 이제는 타이레놀도 한알로는 어림도 없는듯 해요
어떻해 하면 두통이 좀 나을가요
혹시 뇌 쪽이 이상이 있는건 아니겠죠? ㅡ,.ㅡ
두통 해결 방벙이 없을까요?",http://xn--od1b68l0cz88csgeeoi.com/bbs/board.php?bo_table=online&wr_id=759&page=3,민하,10-08,"안녕하세요 온누리통증의원 입니다.
문의 주신 두통의 경우 머리속의 문제로 인한 통증이 유발 될수도 있으나
나이대가 젋으시고 특별한 질환을 가지고 있지 않으시다면
목 근육의 경직에 의한 두통으로 생각됩니다.
목 근육의 지나친 피로도는 머리 두피 근육을 자극하게 되고 이 두피 근육이 얼굴 앞면 위쪽 을 자극하게 됩니다.
이에 두통 유발 또는 눈 피로, 눈 주위 저림 등이 나타 날수 있습니다.
특히 두통 발생의 경우 목 근육의 피로도 또는 경직에 의하여 자주 발생할수 있는바
목 근육의 피로도를 풀어 줄수 있는 동작등을 하시는것이 두움이 될수 있으나
상태에 따라서는 운동이 상태를 더 악화 시킬수 있습니다.
하여 정확한 진단 및 치료를 위하여 병원에 내원 하시여 원장님과 상담 및 치료를 진해 하시길 권해 드립니다.
문의 전화 : 051-714-1831",http://xn--od1b68l0cz88csgeeoi.com/bbs/board.php?bo_table=online&wr_id=761&page=3,관리자,10-10
자세교정 같은것도 되나요?,,"저 이병원에서도 자세교정 해주시나요?
최근 이사를 왔는데 전에 살던 곳에서 자세교정 같은 치료를 계속 받았거든요
교정 치료를 받고 많이 괜찮아 계속 받고 싶은데 이사를 멀리 오는 바람에 그 병원가기 너무 힘들어서...
이 병원에서도 가능 할런지?
답변 부탁드립니다.",http://xn--od1b68l0cz88csgeeoi.com/bbs/board.php?bo_table=online&wr_id=755&page=3,민경,10-07,"안녕하세요 온누리통증의원 입니다.
문의 주신 자세 교정의 경우 저희 병원에서도 치료는 가능 합니다.
다만 치료 방법의 경우 각 병원 마다 치료 방법 및 노화우 등이 다를수 있어
다니시던 병원과 같은 치료로 진행 된다고는 할수 없으나 저희 병원만의 차별화된 치료를 통하여
원하시는 만큼의 만족도를 재공해 드릴수 있을것으로 생각됩니다.
치료에 관심있으시면 내원 하시여 원장님 상담을 해보시길 권해드립니다.
내원 전 예약 부탁드립니다.
문의 전화 : 051-714-1831",http://xn--od1b68l0cz88csgeeoi.com/bbs/board.php?bo_table=online&wr_id=758&page=3,관리자,10-07
운동하는 학생 부모 입니다. 발목치료 가능 한가요?,,"안녕하세요 야구하는 학생을 둔 학부모 입니다.
몇일전 아이가 운동을 하다가 발목을 다쳤는데 치룔르 받고 싶어서 글은 남깁니다.
운동하는 아이 이다 보니 주사약에도 많이 민감해서요 혹시 치료를 받으면
괜찮아 질런지 몸에 약성분이 남지는 않을지 혹시 도핑검사에 걸리는건 아닌지
걱정이 많습니다.
병원에서 치료를 해도 될까요?",http://xn--od1b68l0cz88csgeeoi.com/bbs/board.php?bo_table=online&wr_id=754&page=3,찬호,10-07,"안녕하세요 온누리마취통증입니다.
문의 주신 내용중에 야구선수라고 하셨는데 일단 치료 방법은 여러 가지 입니다.
환자분의 상태에 따라 치료 방법은 여러가지 주사치료, 체외충격파, 물리치료, 도수치료 등
여러 방법으로 치료가 가능하며 걱정하시는 주사치료로 인한 도핑 문제의 경우 약물을 사용하지 않으면 아무런 문제가 발생하지 않을 듯 합니다.
저희 병원에서는 스테로이드를 사용 하지 않으므로 주사치료를 진행 한다고 하더라도 아무런 문제가 없을듯 하나
혹시 모르니 원장님께 꼭 운동선수 이며  약물에 민감하다고 하시면 될듯 합니다.
꼭 주사 치료가 아니더라도 여러가지 치료 방법들을 동원하여 치료가 가능하므로 통증의 참고 병변을 키우는 것도다
적극적으로 치료를 진행 하시는 것이 좋을듯 합니다.
내원전 예약 부탁드립니다.
문의 전화 : 051-714-1831",http://xn--od1b68l0cz88csgeeoi.com/bbs/board.php?bo_table=online&wr_id=757&page=3,관리자,10-07
"날개쭉지 부분이 많이 아프요 ㅡ,.ㅡ",,"안녕하세요 30대 후반 여성 입니다.
몇 달 전부터 날개쭉지 쪽이 너무 아픈데 이건 왜이런걸까요?
아파다가 말겠지 했는데  계속 아프네요
바늘로 쑤시듯이 아플때도 있고 묵직하게 아플때도 있고 하는데
이부분이 왜 아픈지 모르겠어요
특별히 이부분만 사용 한다던지 운동을 한다던지 하지도 않는데....
이런 곳도 치료가 가능한가요?",http://xn--od1b68l0cz88csgeeoi.com/bbs/board.php?bo_table=online&wr_id=750&page=3,이하린,09-06,"안녕하세요 온누리마취통증의원 입니다.
문의주신 병변부위른 견갑골 부분으로 판단되며 통상적으로 견갑골 통증의 경우 무리한 사용(운동 또는 노동)으로 인한 통증과
목 근육의 피로도 증가로 인한 연관통증으로 나타 납니다.
몇개월 계속 지속된 통증이라고 하시니 무리한 상용으로 인한 통증은 아닌듯 하며 목 근육의 피로도 증가로 인한 연관된 통증으로 생각됩니다.
목 근육의 피로도가 많이 싸이게 되면 우선 승모근 통증 또는 경직이 일어 나며 환자들의 상태 및 경우에 따라 도통 또는 어깨 통증으로 나타나기도 하며
문의 지신 분 처럼 견갑골 통증으로 나타나기도 합니다.
이경우 아픈 부위의 통증을 경감 시키는 것도 좋은 방법이나 이경우 다시 재발할수 있는 확률이 많이 발생하는 바
목 치료를 함께 병행 하여 통증 완화 및 재발을 방지하는 것이 장기적으로 좋은 치료방법으로 사료됩니다.
하지만 환자분의 상태를 정확히 판단하고 진료하기 위해서는 직접 진료를 하는것이 좋으므로 내원 하시여 원장님과 상담 해 보시길 권합니다.
내원전 예약 부탁드립니다.
문의 전화 : 051-714-1831",http://xn--od1b68l0cz88csgeeoi.com/bbs/board.php?bo_table=online&wr_id=756&page=3,관리자,10-07
허리가능 한가요?,,"안녕하세요
얼마전 부터 허리 때문에 고생하고 있는 20대 남자 입니다.
몇일 전부터 허리가 아프서 너무 힘드네요
일상생활은 가냥 저냥 가능한데 조금만 힘을 쓰는 일이나 의자에서 일어서기가 많이 불편한데
이정도면 치료를 해야 할까요?
병원 가기가 무섭기도 하고  혹 이런 증상이 디스크 증상인가요?",http://xn--od1b68l0cz88csgeeoi.com/bbs/board.php?bo_table=online&wr_id=749&page=3,전호성,09-06,"안녕하세요 온누리 통증의원 입니다.
문의 저신 내용 만을 참고로 답변을 드리자면
허리 디스크 까지는 아니인듯 합니다.
허리만 통증을 느끼신다면 허리 근육의 문제로 이한 통증으로 사료 됩니다.
허리 디스크의 대표적인 증상은 허리 통증과 함께 다리저림, 다리에 힘을 주기 힘듬, 발가락 저림, 다리의 근육 감소 등
하체 쪽의 증상도 함께 나타나게 됩니다.
문의 주신 내용 만으로 판단 하자면 디스크 까지는 아니더라도 허리 쪽 근육이 상당히 부담을 느끼고 있는 것으로 판단 됩니다.
계속적으로 통증을 느끼시고 참기 힘드시다면 내원 하시여 치료를 진행해 볼것을 권해드립니다.
치료 방법은 주사치료, 체외 충격파 치료, 물리치료, 도수치료 등  증상에 따라 치료 방법이 달라 지는 봐
원장님과 상담을 추천드립니다.
내원 전 예약 부탁드립니다.
문의 전화 : 051-714-1831",http://xn--od1b68l0cz88csgeeoi.com/bbs/board.php?bo_table=online&wr_id=753&page=3,관리자,10-07
소아 측만증,,"소아 측만증이 궁금해서 그러는데요
저희 아이가 측만증이 있다고 하는데 치료가 필요 할까요
외형적으로는 아무 표도 안나고 아이가 아프다고 하지도 않는데
치료가 필요 한지 궁금합니다.",http://xn--od1b68l0cz88csgeeoi.com/bbs/board.php?bo_table=online&wr_id=748&page=4,이은수,09-06,"안녕하세요 온누리통증의원 입니다.
소아 측만증 진단을 받으신 상태 이신지?
우선 측만이 있는 것과 측만증은 기울어진 각도에 따라 변명이 달라집니다.
소아 측만증의 경우 치료를 권해드립니다.
측만증은 치료 시기가 무엇보다 중요하면 빠른 시간에 치료를 진행하여 더이상 진행이 되지 않도록 막는 것이 좋습니다.
측만증의 경우 병변이 계속적으로 진행 되는 경우가 많이 있습니다.
측만의 각도가 계속적으로 진행 될경우 문의 주신 내용에 포함 되어있듯이 외형적으로 좌우 불균형을 초래 할수 있으며
차후 계속적인 통증을 유발할수 있습니다. 또한 자녀분의 키에 상당한 영향을 미칠수 있는바
소아 인데 측만증을 진단 받으셨다면 조기 치료를 권해드립니다.
내원전 예약 부탁 드립니다.
문의 전화 : 051-714-1831",http://xn--od1b68l0cz88csgeeoi.com/bbs/board.php?bo_table=online&wr_id=752&page=4,관리자,10-07
다리가 많이 아프다고 하시네요,,"안녕하세요
다름이 아니라 저희 어머님이 평소에 다리가 많이 아파다고 하시는데 어떤 치료가 필요 할까요
나이가 많으신것도 아닌데 그렇다고 무릎이 아프다고 하시는것도 아니구요
그냥 다리가 많이 아프다고만 하십니다.
평소 운동도 많이 하시지 않는데 자주 다리쪽이 아프다고 하시니 걱정이 됩니다.
이런것도 치료가 가능할까요
매일 아프다고 하시는건 아닌데...
답변 부탁 드립니다.",http://xn--od1b68l0cz88csgeeoi.com/bbs/board.php?bo_table=online&wr_id=746&page=4,박상원,09-06,"안녕하세요 온누리통증의원 입니다.
문의 주신 내용을 살펴 보니 다리가 어떻게 아프신지 나오지가 않아 정확한 상담이 이루어 질리즌 의문입니다.
통상적으로 상담 내용을 남겨 드리자면
우선 다라가 저리듯이 아프다던지 힘이 들어가지 않는다던지 하는 경우 허리에서 내려오는 신경에 문제가 발생하여
통증으로 나타나는 경우가 많이 있습니다.
이 경우 저희 병원에서는 허리 시술(신경차단술)을 통하여 증상을 완화 시켜 드리는 방법으로 치료를 진행하고 있습니다.
혹 다리 근육의 문제로 인하여 통증이 발생하기도하는데 이경우 주사치료 와 물리 치료를 병행하여 치료를 진행하고 있습니다.
정확한 진단 및 치료를 위해서는 병원에 내원 하시여 원장님을 만나 보시는 것이 가장 정확할것으로 생각됩니다.
내원전 예약을 해주시면 감사하겠습니다.
문의 전화 : 051-714-1831",http://xn--od1b68l0cz88csgeeoi.com/bbs/board.php?bo_table=online&wr_id=751&page=4,관리자,10-07
어깨치료 초진 비용문의,,Content not found.,http://xn--od1b68l0cz88csgeeoi.com/bbs/board.php?bo_table=online&wr_id=743&page=4,이상훈,08-09,Content not found.,http://xn--od1b68l0cz88csgeeoi.com/bbs/board.php?bo_table=online&wr_id=744&page=4,관리자,08-26
성인 측만증 치료 가능 하나요?,,"안녕하세요
성인 측만증 치료 가능하나요?
부산 동래구 인근으로 알아보고 있는데 치료가 가능한지 부터 궁금합니다.
측만증이 완전히 나을수 있는건지 아니면 계속 이렇게 있어야 하는지
측만증 때문에 필라테스도 해보고 한의원도 다녀 보고 했는데 측만증이 그대로 인듯해서요
혹 여기 병원에서는 어떨지 궁금합니다.
답변 부탁드립니다.",http://xn--od1b68l0cz88csgeeoi.com/bbs/board.php?bo_table=online&wr_id=694&page=6,지은,12-12,"안녕하세요 온누리통증의원 입니다.
문의 주신 성인 측만증 치료를 저희 원에서도 진행하고 있습니다.
저희 원의 경우 측만증 치료는 물리치료사 선생님과 1:1 치료를 시행하고 있으면 환자분의 상태에 맞춤 치료를 진행 하고 있습니다.
일률적인 치료가 아닌 환자분의 상태를 정확히 파악 후 치료를 진행하므로 어느 병원보다 우수한 치료를 진행 하고 있다고 자부합니다.
단, 성인 측만증의 경우 눈으로 보이는 가시적인 성과를 위해서는 환자 본인의 부단한 노력이 필요로 합니다.
저희 원에서 알려드리는 운동을 매일 집에서 병행 하시면서 평소 자세 또한 신경을 많이 쓰셔야 하는 것이 성인 측만증입니다.
이에 본원에서는 성인 측만증 치료와 더불어 앞으로 환자 분들께서 혹 나타 날수 있는 만성 통증을 개선할수 있는 여러 방법을 알려드록
치료를 진행하고 있습니다.  이점 참고 하시기 바람니다.
성인 측만증 개선의 경우 많은 시간과 환자 본인의 의지가 중요합니다.
문의 주신 환자분의 상태를 정확히 알고 치료여부가 궁금하시다면 내원 하시여 원장님가 상담 하시기 바랍니다.
충분한 답변이 되었기를 바라며 문의 주셔서 감사합니다.
문의전화 : 051-714-1831
내원 전 예약 부탁드립니다.",http://xn--od1b68l0cz88csgeeoi.com/bbs/board.php?bo_table=online&wr_id=698&page=6,관리자,12-22
팔꿈치 통증 치료 가능 할까요?,,"안녕하세요
최근에 골프를 시작한 사람입니다.
친구들과 스크린 골프를 몇번 다녀 왔는데 그 이후로 오른쪽 팔꿈치가 아파서요
심한건 아니듯 한데 신경이 쓰이는 정도인데 치료를 받는게 좋을까요?
치료 한다면 치료 기간은 얼마나 걸릴까요?",http://xn--od1b68l0cz88csgeeoi.com/bbs/board.php?bo_table=online&wr_id=741&page=4,김수완,07-26,"안녕하세요 온누리 통증 입니다.
문의 주신 팔꿈치 치료의 경우 정확한 진단이 먼저 필요 합니다.
단순 피로에 의한 통증의 경우 1~2회 정도의 치료로 많은 호전을 보이나
부상에 의한 통증의 경우 장기간 치료가 필요하실수도 있습니다.
우선 병원에 내원 하시여 정확한 진단 후 치료를 진행 하시길 바랍니다.
감사합니다.
문의 전화 : 051-714-1831",http://xn--od1b68l0cz88csgeeoi.com/bbs/board.php?bo_table=online&wr_id=747&page=4,관리자,09-06
런데이 후 무릎통증이 생겨서 문의드립니다,,"최근 런데이를 시작한 대학생입니다.
시작 전 충분한 스트레칭을 실시했는데도 뛰고나서도 무릎이 계속 아프네요ㅠㅠㅠ
평소 걸음걸이가 좀 이상하다는 얘기를 들은적도 몇번 있긴한데...뭔가 잘못된거 같긴한데 ㅠㅠㅠ
방문해도 괜찮을까요??",http://xn--od1b68l0cz88csgeeoi.com/bbs/board.php?bo_table=online&wr_id=738&page=4,런런런,07-26,"안녕하세요 온누리통증의원 입니다.
우선 문의 주신 렌데이 후 통증 이라고 하셨는데  갑작스런 과도한 운동으로 인하여  일시적으로 발생하는 통증일수도 있으므로
냉 찜질을 권해 드립니다. 하지만 운동 후 계속적인 통증이 발생하고 지속적이라면 내원 하시여 무릎 상태를 확인 하시는 것을 권해드립니다.
갑작스런 무리한 운동은 몸에 부담으로 작용하는 경우가 많이 있습니다.
운동전 충분한 스트레칭을 하였다 하더라도 평소 하지 않던 운동을 갑자기 하게 되면 몸에 무리가 올수 있습니다.
운동의 강도는 조금씩 천천히 올리시길 권해드리며 계속적인 통증이 발생 하신다면 내원 하시여 원장님과 상담을 해보시길 권해 드립니다.
감사합니다.
내원전 예약 부탁 드립니다.
문의전화 : 051-714-1831",http://xn--od1b68l0cz88csgeeoi.com/bbs/board.php?bo_table=online&wr_id=740&page=4,관리자,07-26
통증의학과는 어떤 치료를 하는건가요?  관절치료로도 가능한건가요?,,"?? 마취통증의학과는 어떤 치료를 하는 곳인가요?
제가 한의원을 다니고 있는데 별 차도가 없는것 같아서 혹시 무릎관절 치료도 가능한가요?
도수치료? 이런것도 하는건가요?",http://xn--od1b68l0cz88csgeeoi.com/bbs/board.php?bo_table=online&wr_id=737&page=4,윈트,07-26,"안녕하세요 온누리통증의원 입니다.
문의 주신 내용중 무릎 치료 관련 답변은 치료 가능합니다.
환자분의 무릎 상태를 초음파로 진단 후 치료 방향을 정하고 주사 치료 또는 물리치료 등을 통하여 치료를 진행 합니다.
그리고 통증의학과란 우리 몸에 나타나는 모든 통증을 조절 개선 시켜드리고자 노력하는 병원 입니다.
관절 및 근육통, 신경통 등 전신 통증을 관리 및 치료 하는 병원이라고 생각하시면 될듯 합니다.
감사합니다.
내원전 예약은 필수...
문의 전화 : 051 - 714 - 1831",http://xn--od1b68l0cz88csgeeoi.com/bbs/board.php?bo_table=online&wr_id=739&page=4,관리자,07-26
초등학생 측만증 문의 입니다.,,"안녕하세요
다름이 아니라 초등학교 6학년 여자 아이를 키우고 있는 엄마 입니다.
저희 아이가 자세가 이상해서 다른곳에서 검사를 받아봤는데  측만증 이라고 하더군요
그 병원에서는 치료를 해야한다고 하는데 거리도 멀고 여러사정으로 집근처를 알아 보다 연락 드립니다.
현재 아이는 아픔 곳은 없다고 하는데 측만증 치료를 꼭 해야 하는거죠?
치료를 하게 된다면 어떤 치료를 해야 하는지 치료 과정중에 혹 아픈 치료가 있는지 궁금합니다.
빠른 답변 부탁 드립니다.",http://xn--od1b68l0cz88csgeeoi.com/bbs/board.php?bo_table=online&wr_id=732&page=4,민소 엄마,07-25,"안녕하세요 온누리통증의원 입니다.
우선 자녀분의 일이라 걱정이 많으시겠습니다.
답변을 드리자면 소아 측만증의 경우 치료를 진행하시길 권해드립니다.
소아 측만증의 경우 계속 측만증이 진행될 가능성이 많아 적극적인 치료를 하시길 권해 드립니다.
성인의 경우 성장이 끝이 났으며 측만증의 진행이 더이상 진행 되지 않거나 더디게 진행 되는 경우가 많으나
소아 측만증의 경우 측만증이 계속 진행 되어 차후 지금 보다 훨신 심해지는 경우가 많아 치료를 권장하고 있습니다.
저희 원에서는 개인별 맞춤 운동도수치료를 진행하고 있으며 치료시 통증이 발생하는 경우는 없습니다.
측만증의 경우 개인별 상태에 따른 치료 진행하여야 가장 효가 적이며 저희 원에서는 1 대 1 맞춤 치료를 진행함으로서
환자분께서 최선의 치료를 받을수 있도록 노력하고 있습니다.
좀더 자세한 설명과 환자분의 상태를 알고 싶으시다면 내원 하시여 원장님과 상담을 진행해 보시길 바랍니다.
내원전 예약 부탁 드립니다.
문의전화 : 051-714-1831",http://xn--od1b68l0cz88csgeeoi.com/bbs/board.php?bo_table=online&wr_id=736&page=5,관리자,07-25
다리가 아파요 ㅠㅠ,,"저 혹시 다리가 많이 아픈데 치료 가능한가요
사실 최근 한의원에서 치료를 받았는데 썩 나아지는것 같지 않아서....
증상은 다리가 저리듯이 아프고 한번씩 전기가 통하는듯한 느낌이 들고....
묵직한 느낌?  뭐 대충 이런 느낌인데 치료 가능할까요?
한의원에서는 허리 문제때문이라고 하는데 허리를 치료 해도 썩 나아지는 느낌은 없어서요  ㅡ,.ㅡ
인터넷을 좀 찾아 보니 디스크 이야기도 있고 수술 이야기도 있던데.... 수술은 무서워서요
치료 가능할가요?",http://xn--od1b68l0cz88csgeeoi.com/bbs/board.php?bo_table=online&wr_id=731&page=5,창호,07-25,"안녕하세요 온누리통증의원 입니다.
우선 문의 주신 내용을 살펴 본다면 음....
말씀하신 증상만을 본다면 허리 디스크 또는 허리 협착증 으로 의심이 됩니다.
디스크 또는 협작증의 증상은 비슷한 경우가 많아 정확히 변명을 말씀 드리기는 어려우나
나타나는 증상만을 살핀다면 저희 병원에서는 시술(허리 시술)을 시도 해 보실수 있을듯합니다.
말씀 하신 증상은 허리 신경이 자극을 받아 나타나는 신경통으로 예상 되며
이경우 간단한 허리 치료만으로 증상이 호전 되는 경우도 있으나 대부분  신경통을 해결할수 있는 치료를 해보시는 것이 좋을듯 합니다.
허리 수술의 경우 정말 최~~후으 방법으로 남겨 두시는 것이 좋으며
문의 주신 환자분의 경우 원장님과 정확한 상담을 통하여 치료를 진행 해보시길 바랍니다.
음~~~ 조금은 서둘러 내원 하시여 치료를 권해드리는데 이유는 신경통의 경우 계속 방치하는 경우
증상이 호전 되는 것 보다는 상태가 더 나빠지는 경우가 많아 이렇게 권해드립니다.
내원전 예약 부탁 드립니다.
문의 전화 : 051-714-1831",http://xn--od1b68l0cz88csgeeoi.com/bbs/board.php?bo_table=online&wr_id=735&page=5,관리자,07-25
손목 치료 가능한가요?,,"안녕하세요 손목치료 때문에 물어 볼게 있어요
제가 얼마전에 출산을 하였는데 애기를 보다 보니 손목이 많이 아파서요
지금 모유수유 중인데 주사치료를 해도 될런지 혹시 주사치료 말고 다른 치료로 손목 치료가 가능한지 궁금합니다.
답변 부탁 드립니다.",http://xn--od1b68l0cz88csgeeoi.com/bbs/board.php?bo_table=online&wr_id=730&page=5,새별,07-25,"안녕하세요 온누리통증의원 입니다.
우선 출산을 축하드리며  손목이 많이 불편하셔서 힘드실듯 합니다.
문의 주신 내용에 답변을 드리자면
약물(주사)치료 없이 치료는 가능합니다.
증상이나 상태에 따라 다르겠지만 원장님의 판단에 따라 꼭 주사치료가 필요하다고 생각된다면
주사치료를 진행할수도 있습니다. 만
환자분께서 주사치료를 원치 않으신다면 주사 없이도 치료가 가능합니다.
증상에 따라 고강도 레이져 치료 및 기타 물리치료, 도수치료 등을 통하여 치료를 진행할경우  완치가 가능할듯 합니다.
문의 주신 분의 현재 상태를 정확히 알수 없어 명확한 답변을 드릴수는 없으나 아기에게 전혀 문제 없는 치료를 진행 할수 있을듯 합니다.
충분한 답변이 되었기를 바랍니다.
내원전 예약을 하시면 기다림이 최소하 될수 있습니다.
문의 전화 : 051-714-1831
내원전 예약 부탁드립니다.",http://xn--od1b68l0cz88csgeeoi.com/bbs/board.php?bo_table=online&wr_id=734&page=5,관리자,07-25
웨이트 밀기운동시 왼팔이 힘을 쓸 수가 없습니다,,Content not found.,http://xn--od1b68l0cz88csgeeoi.com/bbs/board.php?bo_table=online&wr_id=728&page=5,정재훈,02-05,Content not found.,http://xn--od1b68l0cz88csgeeoi.com/bbs/board.php?bo_table=online&wr_id=729&page=5,관리자,02-06
조금만 걸어도 허리가 아파요 ㅠ.ㅠ,,"안녕하세요
다름이 아니라 저희 아이가 저랑 조금만 오래 걸으면 허리가 너무 아프다고 합니다.
여자 아이라서 허리가 아프다고 하니 신경도 많이 쓰이고
제일 아쉬운건 저랑 쇼핑을 같이 하고 싶어도 조금만 걸으면 허리가 아프다고 하니 쇼핑도 마음놓고 하지 못해요
평소에는 특별히 허리가 아프다고 하지 않는데 조금만 오래 걸었다 하면 허리가 아프다고 하네요
어린(고등학생 이지만..  ^^)애가 조금 걸었다고 허리가 아픈게 왜 그럴까요  ㅡ,.ㅡ
혹시 치료를 해야 하나요 이런것도 치료가 가능할까요?
답변 부탁드립니다.",http://xn--od1b68l0cz88csgeeoi.com/bbs/board.php?bo_table=online&wr_id=716&page=5,지윤,01-12,"안녕하세요 온누리통증의원 입니다.
문의 주신 내용으로 만 판단 하자면 골발의 불균형으로 인한 보행 불편
또는 척추의 모양 번형에 의한 보행 불편으로 판단이 됩니다.
물론 정확한 진단을 위해서는 검사가 우선 되어야 함을 말씀드리며, 문의 주신 내용으로 만으로 판단 한것입니다.
자녀분의 상태가 시간이 지나면서 나아 진다고는 말씀 드리기 울듯 합니다.
저희 원에서 판단하자면 적극적인 치료를 권해드립니다.
어떠한 상태인지 정확히 판단 후 치료를 진행해 보시기 바라며
저희 원의 치료 경험상 문의 주신 자녀분의 상태는 앞으로 더 진행 될수도 있다는점 상기 하시여
치료를 진행 하시기 바라며 자녀분의 상태를 정확히 파악 후 운동을 진행 하시기 부탁드립니다.
혹 운동으로 나아 지지 않을까 하는 바람이 있을수 있으나 이는 자녀분의 상태를 정확히 인지 후
자녀분의 상태에 맞는 운동을 하여야 함을 생각 하시여 시행하시기 바랍니다.
혹 저희 병원에 내원 하신다면 내원전 예약전화 부탁드립니다.
감사합니다.
예약문의 : 051-714-1831
내원전 예약 부탁드립니다.",http://xn--od1b68l0cz88csgeeoi.com/bbs/board.php?bo_table=online&wr_id=726&page=5,관리자,02-02
성인 측만증 치료 가능 한가요?,,"안녕하세요 성인 측만증 문의 드립니다.
제가 측만증으로 치료를 받을수 있는지 궁금합니다.
얼마전에 측만증이라는 이야기를 듣고 고쳐보고자 필라테스도 해보고 요가도 해보고 했는데
나아진건지 모르겠어요?
측만증이라고 이야기만 듣고 겁이나서 운동을 하기는 했는데 어떤지 잘 모르겠어요
특별히 아픈곳은 없는데 측만증 치료를 해야하는건지
그냥 이렇게 있어도 되는건지  ^^
운동하는게 힘들어서...  병원에서 치료하면 좀 나을런지....
답변 부탁드립니다.",http://xn--od1b68l0cz88csgeeoi.com/bbs/board.php?bo_table=online&wr_id=715&page=5,선아,01-12,"안녕하세요 온누리통증의원 입니다
우선 측만이라는 진단을 받으셨다고 하신는데 글의 내용만을 참조하였을 경우
상당히 고민이 많으신듯 하네요  ^^
우선 측만관련하여 여러가지 운동이 필요한것은 맞습니다.
하지만 무작정 운동을 한다고 측만(측만증)이 나아진다고는 할수 없습니다.
척추 측만(측만증)의 경우 상당한 전문적인 교육 및 치료 방법을 알고 있어야 제대로 된
교정 또는 치료가 가능합니다.
필라테스를 하셨다고 하시는데 물론 필라테스가 측만을 개선시키는데 많은 도움을 줄수 있으나
앞서 설명드린데로 강사분의 역량이 어느 정도인지 판단할수 없어 측만이 나아졌다 아나다 라고 말씀드리기 어려울듯 합니다.
성인 측만(측만증)의 경우 환자분의 상태도 물론 중요하나 측만증의 개선을 위해서는
본인의 노력 없니는 치료가 힘든것이 사실입니다.
하여 저희 병원에서는 성인측만(측만증)의 경우 개선 될수 있도록 운동도수를 진행은 물론
현재 또는 차후 나타날수 있는 통증을 개선 또는 예방하는 치료도 함께 진행하고 있습니다.
치료 방법 및 개선 방향의 자세한 설명은 내원하시여 정확한 상담을 권해드립니다.
감사합니다.
예약문의 : 051-714-1831
내원전 예약 부탁드립니다.",http://xn--od1b68l0cz88csgeeoi.com/bbs/board.php?bo_table=online&wr_id=725&page=5,관리자,02-01
중학생 키(성장) 문의 드려요,,"중학생 남자 아이를 키우고 있는 엄마 입니다.
아이가 또래에 비해 키가 좀 작은데 혹시 여기 병원에서도 치료 하시나요?
엄마, 아빠가 그렇게 크지 않아서 아이의 키가 걱정입니다.
또래 보다 컷으면 하는게 부모 마음인지라  현재 아이의 키가 작다보니 걱정입니다.
혹 아이의 키를 좀 키울수 있는 방법이 있나요?
성장 주사 같은것도 놓아 주시는지 궁금합니다.
빠른 답변 부탁 드립니다.",http://xn--od1b68l0cz88csgeeoi.com/bbs/board.php?bo_table=online&wr_id=714&page=5,미영,01-12,"안녕하세요 온누리통증입니다.
문의 주신 내용이 자녀분의 키(성장)관련인듯 한데
저희 병원에서도 소아 청소년의 성장관련 치료를 지속하고 있습니다.
문의 주신 내용중 성장관련 주사는 저희 병원에서는 시행하고 있지 않습니다.
저희는 성장판 자극 및 자녀분의 성장을 촉진 시키는 운동도수 치료를 통하여
자녀분의 성장을 돕는 치료를 진행하고 있습니다.
저희 병원에서 검사를 통하여 자녀분의 예상 성장 키 또한 확인할수 있습니다.
자녀분의 예상 키와 성장 관련 정확한 문의를 위해서는 내원 하시여 원장님과 상담을 진행해 볼것을 권해드립니다.
내원시 예약 부탁드립니다.
예약문의 : 051-714-1831",http://xn--od1b68l0cz88csgeeoi.com/bbs/board.php?bo_table=online&wr_id=724&page=5,관리자,02-01
측만증 치료 문의,,"안녕하세요
측만증 치료 문의 드립니다.
아이가 측만증 이라고 하는데 치료를 해야 하는거죠?
측만증 치료 어떻게 하는건지 궁금합니다.
참고로 아이는 초등학교 4학년 여자 아이 입니다.",http://xn--od1b68l0cz88csgeeoi.com/bbs/board.php?bo_table=online&wr_id=713&page=5,하은,01-12,"안녕하세요 온누리통증의원 입니다.
우선 아이가 측만이라고 하니 걱정이 많으시겠습니다.
소아 측만(측만증)의 경우 되도록 빠른 시간에 치료를 시작하는것이 많은 도움이 될수 있습니다.
성인의 경우 소아에 비에 훨씬더 많은 시간과 노력을 하여야 하는것이 척추 측만입니다.
측만의 경우 대부분 선척적이 것 보다는 후천적인 생활습관 또는 자세에서 발생하는 경우가 대부분 입니다.
하여 소아 측만의 경우 그냥 두시는 것 보다는 되도록 빠른 시기에 치료를 시작하는것이 도움이 될수 있습니다.
자녀분의 적확한 데이터가 없어 자세한 설명은 어려운듯 하며
자세한 설명과 자녀분의 상태를 확인하고자 하심다면 내원 하시여 원장님 상담을 권해드립니다.
감사합니다.
예약문의 : 051-714-1831
내원전 예약 부탁드립니다.",http://xn--od1b68l0cz88csgeeoi.com/bbs/board.php?bo_table=online&wr_id=723&page=5,관리자,02-01
허리 시술? 이라고 하던데 그게 뭔가요?  혹시 입원해야 하나요?,,"안녕하세요
다름이 아니라 허리 시술 한다고 소개 되어 있던데
허리 어떤 시술을 하시는지 혹시 입원도 해야 하는 건가요
제가 허리가 안좋아서 걷는것도 조금 불편한데 이런것도 치료가 가능한가요?
혹시 입원해야 하고 그런건지 궁금합니다.
수술 같은건가요?
답변 부탁드립니다.",http://xn--od1b68l0cz88csgeeoi.com/bbs/board.php?bo_table=online&wr_id=712&page=6,선아,01-12,"안녕하세요 온누리 통증의원 입니다.
우선 문의 주신 내용 중 시술이란
명칭은 신경차단술 이라는 명칭으로 불리우며
입원은 필요 없습니다.
간단히 말씀 드리면 허리에서 다리로 내려가는 신경에 약물을 주입하여 신경이 지나가는 길을 넓혀 주는
치료 방법이라고 생각하시면 편할듯 합니다.
보통 신경이 지나가는 신경관이라는 곳이 있는데 이 곳에 이동용 X-RAY이를 이용하여 신경관을 찾아
정확한 위치에 주사를 함으로서 증상을 호전 시켜주는 시술 입니다.
수술 적인요법은 전혀 아니며 잠깐 내원 하시여 원장님과 상담 후 시술이 필요하다고 판단되면 시술을 진행합니다.
시술 시간은 원장님 상담과 치료 시간 물리치료 시간 까지 생각하면 넉넉히 1시간에서 1시간 30분 정도 생각하시고 내원 하시면
충분 할듯 합니다.",http://xn--od1b68l0cz88csgeeoi.com/bbs/board.php?bo_table=online&wr_id=733&page=6,관리자,07-25
어머니 다리가 아프다고 하시는데 치료 가능한가요?,,"안녕하세요
어머니 다리가 많이 아프다고 하시는데
증상은 저림... 죄가 자주 나신다고....  항상 다리쪽이 힘들다고 하시는데
여기 통증에서 치료가 가능할까요
아님 큰 병원 가서 검사를 받아봐야 하는지
큰병원에 간다면 어디로 가야 하는지 궁금합니다.",http://xn--od1b68l0cz88csgeeoi.com/bbs/board.php?bo_table=online&wr_id=700&page=6,송이,12-22,"안녕하세요 온누리통증의원입니다.
문의 주신 증상으로 추측하자면 허리쪽 신경통으로 인한 다리의 통증이 발생한것으로 사료 됩니다.
저희 원에서는 신경차단술을 통하여 문의주신 환자분의 증상을 완화시켜 드릴수 있을것으로 판단됩니다.
혹 정확한 상태 및 검사를 원하신다면 CT  또는 MRI 가 가능한 병원에서 검사를 받아 보시길 바라며
위 설명드린 검사가 가능한 정형외과 또는 신경외과 쪽으로 검사를 진행하시면 될듯 합니다.
참고로 말씀드리면 허리 수술은 신중해 생각하시여 시행하여야 한다는점 꼭 유의하시고 검사 및 치료를 진행 하시기 바랍니다.
감사합니다.
문의전화 : 051-714-1831
내원 전 예약 부탁 드립니다.",http://xn--od1b68l0cz88csgeeoi.com/bbs/board.php?bo_table=online&wr_id=711&page=6,관리자,01-11
토요일 몇시 까지 진료 하시나요?,,"토요일 몇시 까지 진료 가능한가요?
얼마전 몸이 너무 아파서 고생했는데 동래에 있는 병원중에 토요일 근무시간이 조금 길던데
몇시까지 가야 진료 하능한가요?",http://xn--od1b68l0cz88csgeeoi.com/bbs/board.php?bo_table=online&wr_id=699&page=6,영미,12-22,"안녕하세요 온누리통증의원 입니다.
저희 원에서 원장님 진료 후 치료 가능 시간은 2시 30분 까지 입니다.
혹 늦으신다면 미리 전화 주시면 상담을 통하여 진료 시간을 조절 하겠습니다.
감사합니다.
문의전화 : 051-714-1831
내원 전 예약 부탁 드립니다.",http://xn--od1b68l0cz88csgeeoi.com/bbs/board.php?bo_table=online&wr_id=710&page=6,관리자,01-11
학생 측만치료 문의,,"안녕하세요 초등학교 6학년 여자애를 키우고 있는 엄마입니다.
다름이 아니라 아이가 학교에서 검진? 그런걸 받았는데 측만증이라고 해서요
측만증이 먼지는 찾아 보기는 했는데 교정 치료 또는 수술도 이야기가 있어서
겁이 나내요
부산에서 측만증 치료 가능한곳 알아보다 연락 드립니다.
측만증 치료 가능할까요?",http://xn--od1b68l0cz88csgeeoi.com/bbs/board.php?bo_table=online&wr_id=693&page=6,선주 엄마,12-12,"안녕하세요 온누리통증의원 입니다.
우선 자녀분이 측만증 진단을 받았다고 하시는데 음....
척추 측만과 척추 측만증은 비슷한듯 하지만 변명에서 보듯 다른 것입니다. 물론 척추 측만이 심해진 경우를 척추 측만증 이라고 하는데...
암튼 결론 적으로 말씀드리자면
측만증(척추 측만증)의 경우 치료 시기가 빠른면 빠를 수록 좋습니다.
소아, 청소년기의 측만증 치료는 성인 측만증 치료보다 차후 경과가 좋은것으로 알려져 있으며 본원의 경험으로도 성인 측만증 치료 보다
소안, 청소년기의 측만증 치료가 경과가 좋습니다.
수술 또한 하나의 방법이기는 하나 이는 정말 최후에 생각해볼 방법으로 우선은 정확한 진단으로 치료를 먼저 해보시는것을 권해드립니다.
저희 원에서는 다년간의 경험을 바탕으로 최선의 치료를 하기위해 노력하고 있는바
우선 내원하시여 자녀분의 정확한 상태를 우선 확인 후 치료 여부를 결정하시기 바랍니다.
문의전화 : 051-714-1831
내원 전 예약 부탁 드립니다.",http://xn--od1b68l0cz88csgeeoi.com/bbs/board.php?bo_table=online&wr_id=697&page=6,관리자,12-22
자세 교정 질문 입니다.,,"안녕하세요
다름이 아니라 자세교정을 받고 싶은데 부산 동래쪽에 알아 보다 연락 드립니다.
다른 사람들이 저의 자세가 이상하다고 하도 말들이 많아서요
왼쪽 어깨가 많이 내려가 보인다고 하는데  이런것도 교정이 가능할까요?",http://xn--od1b68l0cz88csgeeoi.com/bbs/board.php?bo_table=online&wr_id=692&page=6,은솔,12-12,"안녕하세요 온누리 통증의원 입니다.
문의 주신 자세 교정은 저희 원에서 가능하다는 말씀을 먼저 드리며
우선 환자분의 상태가 정확히 어떠한지를 모르는 관계로 통상적인 답변을 드립니다.
왼쪽 어깨가 내려가 있다고 하시는데 이의 원인중의 하나는 측만(측만증)일 가능성이 매우 높습니다.
측만(측만증)의 경우 기본 X-RAY 검사를 통한 척추 모양을 보는것을 1차적으로 여러 검사를 통하여 확인 할수 있습니다.
혹 측만(측만증) 자체를 치료 또는 개선 하지 않고 단지 왼쪽 어깨가 내려 갔다고 왼쪽 어깨를 올리는 동작 또는 운동을 시행할경우
측만(측만증) 이 더 심해지는 경우 또는 만성 통증으로 이어질수 있습니다.
정확한 상태를 확인 하기 위해서는 본원에 내원 하시여 원장님과 상담을 해보시길 권해드립니다.
자신의 상태를 정확히 인지 하고 운동 또는 치료를 진행하셔야 원하시는 결과를 얻으실수 있을 듯 합니다.
충분한 답변이 되었기를 바라면 문의 주셔서 감사합니다.
문의 전화 : 051-714-1831
내원전 예약 부탁드립니다.",http://xn--od1b68l0cz88csgeeoi.com/bbs/board.php?bo_table=online&wr_id=696&page=6,관리자,12-22
팔꿈치 통증 치료 가능 한가요?,,"팔꿈치 통증때문에 문의 합니다.
요즘 다시 골프를 치기 시작했는데 팔꿈치가 아프네요  예전에는 괜찮았는데
한 2년 정도 쉬다가 다시 칠려고 하나 팔꿈치가 아픔니다.
주위에 물어 보니 팔꿈치 치료 주사 한방이면 치료 가능 하다고 하던데
진짜 주사 맞아도 되는건가요?
주위 분들이 맞아도 된다 안단되 말들이 많아서
주사 한대면 괜찮아 질까요?",http://xn--od1b68l0cz88csgeeoi.com/bbs/board.php?bo_table=online&wr_id=691&page=6,이성훈,12-12,"안녕하세요 온누리통증의원 입니다.
문의 주신 팔꿈치 통증은 저희 원에서 치료가 가능합니다.
단, 말씀하신 주사 한번에 통증이 나으시는 것은 아니며 팔꿈치 통증의 경우 초음파를 통하여
팔꿈치 통증의 원인을 찾아 그에 맞는 치료를 진행하시는 것이 좋습니다.
만약 팔꿈치 관절의 염증에 의한 통증이라면 빠른 치료와 회복이 가능하나 팔꿈치 쪽 인대 문제라면
치료 시간이 오래 걸리수도 있으며 내원하시여 팔굼치 통증의 원인을 진단 후 치료를 진행하시는것이 맞습니다.
문의하신 주사 한 번에 통증이 잦아드는 경우 스테로이를 사용하게 된다면 일시적으로 통증 완화에는 도움이 될수 있으나
다시 통증이 발생할 가능성이 높으며 이후 후유증이 나타 날수 있다는점 유의 하시기 바람니다.
충분한 답변이 되었으면 하며 문의 주셔서 감사합니다.
예약문의 051-714-1831
내원전 예약 부탁 드립니다.",http://xn--od1b68l0cz88csgeeoi.com/bbs/board.php?bo_table=online&wr_id=695&page=6,관리자,12-22
감기 수액 가능한가요?,,혹시 감기 때문에 수액을 맞고 싶은데 가능할까요?,http://xn--od1b68l0cz88csgeeoi.com/bbs/board.php?bo_table=online&wr_id=686&page=6,철민,12-08,"온누리통증의원 입니다
네 2시 넘어 오셔도 됩니다.
(단 3시는 넘지 않으시길... 3시 마감이라 참고 바랍니다.)
그리고 혹 처방전이 필요 하시다면 처방전 발행은 가능하나 저희 건물 약국 이용은 어려우실수 있습니다.
저희 병원 약국이 토요일은 2시가 마감이라 참고 하시면 감사하겠습니다.",http://xn--od1b68l0cz88csgeeoi.com/bbs/board.php?bo_table=online&wr_id=690&page=7,관리자,12-08
대상포진 예방접종 비용 문의,,"여기 병원에서도 대상포진 예방접종 하나요?
한다면 비용과 어떤 약을 쓰는지 궁금합니다.
빠른 답변 부탁...",http://xn--od1b68l0cz88csgeeoi.com/bbs/board.php?bo_table=online&wr_id=683&page=7,비밀,12-07,"안녕하세요 온누리통증의원 입니다.
저희 원에서도 대상포지 예방접종은 시행하고 있습니다.
우선 통상적으로 많이 사용하는 *조스타박스* 대상포진 예방접종의 경우
비용은 1회 15만원 입니다.
""조스타박스""의 경우 1회 만 맞으시는 약으로 약효는 2~3년 길게는 4.5년 정도 유지 되는것으로 알려져 있습니다.
이에 저희 원에서는
""싱그릭스"" 또한 보유하고 있습니다.
""싱그릭스"" 예방접종의 경우
비용은 1회 25만원으로 2달에 걸쳐 2회 접종 하고 있습니다.
""싱그릭스""의 경우 약효는 10~20년 길게는 평생 유지 되는 것으로 알려져 있습니다.
대상포진 예방접종의 경우 약품을 환자분께서 선택 하실수 있습니다.
간혹 약품 제고없을수 있으니 내원전 문의 부탁드립니다.
문의 전화 : 051-714-1831
내원전 예약 부탁드립니다.",http://xn--od1b68l0cz88csgeeoi.com/bbs/board.php?bo_table=online&wr_id=687&page=7,관리자,12-08
측만증 치료를 안하면 어떻게 돼요?,,"측만증 이라고 하는데 꼭 치료를 해야 하나요?
측만증이라고 말씀해 주신 병원에서는 꼭 해야 한다고 하던데
치료를 꼭 해야 하는지 궁금합니다.
해야 한다면 왜 치료를 해야 해요? 현재로는 아픈곳도 없는데 왜 해야 하는지 모르겠네요 ㅡ,.ㅡ",http://xn--od1b68l0cz88csgeeoi.com/bbs/board.php?bo_table=online&wr_id=682&page=7,선아,12-07,"안녕하세요 온누리통증의원 입니다.
측만증 치료를 해야 하나 말아야 하나 고민 하고 계신득 하네요 ^^
우선 측만증의 경우 당장의 통증을 느끼시거나 큰 불편함을 못 느끼는 경우가 많이 있습니다.
측만증이 심하신 환자분의 경우 성장기를 지나면서 내부 장기의 미성숙으로 인한 여러가지 합병증이 발생하기도 합니다.
대표적인 경우 좌 또는 우 폐의 미성숙, 내부 장기의 기형적 형태 성장 등이 나타날수 있으나 이는 측만증이 매우 심한경우로
대부분의 경우 척추 측만, 측만증의 경우 아무 증상없이 성장 또는 생활 하시는 경우가 많습니다.
하지만 척추 측만(측만증)을 그대로 방치할 경우 세월이 지나면서 정상적인 척추 모양을 가진 분들보다 빠른시간 내에 여러곳의 통증을 호소 하기는 경우가
많이 있습니다.
또한 측만(측만증)을 방치할경우 병변이 계속 진행하여 측만(측만증)이 더 심해 진는 경우도 많이 발생합니다.
이에 측만(측만증)은 빠른 시간내에 치료를 진행하여 개선 또는 진행을 억제 하시는게 앞으로의 삶에 질을 높일수 있는 방법이라고 할수 있습니다.
이에 저희 원에서의 권유는 측만(측만증)을 치료 하는 것이 환자분에게 도움이 될것으로 사료 됩니다.
충분한 답변이 되었으면 합니다.
감사합니다.
예약문의 : 051-714-1831
내원전 예약 부탁드립니다.",http://xn--od1b68l0cz88csgeeoi.com/bbs/board.php?bo_table=online&wr_id=685&page=7,관리자,12-08
대상포진 치료 하나요?,,"안녕하세요
혹시 대상포진 치료도 가능 한가요?
다른 병원에서 대상포진이라고 하는데 약을 먹어도 많이 아파서요
대상포진 치료 여부 알려주세요",http://xn--od1b68l0cz88csgeeoi.com/bbs/board.php?bo_table=online&wr_id=681&page=7,순자,12-07,"안녕하세요 온누리통증 입니다.
문의하신 대상포진 치료는 가능합니다.
타 병원에서 이미 대상포진 진단을 받으시고 약을 복용하고 계신듯 한데요
대상포진의 경우 신경통으로 까지 전이 된다면 한동안 통증을 니끼실수 있습니다.
본원에서는 대상포진에 의한 통증을 조절하여 환자분의 일상생활을 하실수 있도록 여러가지 치료를 해드릴수 있습니다.
환자분의 통증 형태에 따른 치료 방법은 여러가지로 나누어 지는바 내원하시여 원장님과 상담을 통하여 치료여부를 결정 하시기 바랍니다.
예약문의 : 051-714-1831
내원전 예약 부탁드립니다.",http://xn--od1b68l0cz88csgeeoi.com/bbs/board.php?bo_table=online&wr_id=684&page=7,관리자,12-08
체외충격파 치료 하는가요?,,"안녕하세요
다름이 아니라 타지역에서 체외충격파 치료를 받고 있었는데
부득이 하게 이사를 하게 되어서요
이병원에서도 체외충격파 치료를 하시는지?
참고로 팔꿈치를 치료받고 있었습니다.",http://xn--od1b68l0cz88csgeeoi.com/bbs/board.php?bo_table=online&wr_id=676&page=7,황소희,12-05,"안녕하세요 온누리통증 입니다.
우선 답변 부터 그리면 저희 병원도 체외충격파 치료를 진행 하고 있으면
원장님 께서 직접 충격파를 시행 하고 계십니다.
팔꿈치쪽을 충격파로 치료 받고 있으셨다고 하시는데
일단 받고계시던 치료를 계속 진행 할지 아니면 다른 치료를 진행 할지는 환자분의 상태를 원장님께서 정확히 보신 후 결정
해야 할듯 합니다.
팔꿈치 치료의 경우 충격파 치료가 아닌 다른 방법으로도 치료가 가능하므로 내원하시여 원장님과 상담을 받아 보시기 바랍니다.
감사합니다.
예약문의 : 051-714-1831
내원전 예약 부탁드립니다.",http://xn--od1b68l0cz88csgeeoi.com/bbs/board.php?bo_table=online&wr_id=680&page=7,관리자,12-06
측만증 치료 가능한가요?,,"안녕하세요 측만증치료에 대해서 궁금한게 있어서 문의 드립니다.
20대 중반 여자 입니다.  측만증이 있다고 진단을 받고 다른 곳에서 치료를 받아 보고 했는데...
필라테스가 측만증에 좋다고 해서 필라테스도 받아보고 했는데 영~~~ 나아지지아 않아서....
측만증 그냥 두고 생활하면 안돼는 건가요
이거 고처 보겠다고 열심히 한다고 했는데 그대로 인거 같아서....
그냥 이대로 괜찮은건지 궁금합니다.",http://xn--od1b68l0cz88csgeeoi.com/bbs/board.php?bo_table=online&wr_id=658&page=8,민정,12-27,"안녕하세요 온누리통증의원 입니다.
문의 주신 내용을 확인하였습니다.
결론부터 말씀드리면 현재의 나이에서 측만증에 의한 통증이 발생하지 않은것으로 판단 됩니다.
하지만 측만증의 경우 당장의 통증은 없더라도 차후 측만증으로 인한 합병증 등이 나타날수 있는 확률이 높다는점을 말씀드리고 싶은데요
측만증의 경우 척추 정렬이 부정확한 경우 이므로 차후 정상적인 모양을 갖춘 이들 보다는 좀더 높은 확률로 척추 협착증 및 디스크가 발생할 가능성있으며
측만증의 병변이 더 많이 진행 될수되 있습니다.
현재의 외형적인 모습이 어떤지는 모르겠으나 차후 혹시 측만증이 더 많이 진행될 경우 외형적인 모습 또한 병형 될수 있다는점을 인지 하시는것이 중요 할듯 합니다.
또한 문의 지신분의 나이를 참고하였을 경우 측만증을 개선 하기에는 많은 노력과 시간이 걸를것으로 판단 됩니다.
측만층 치료의 경우 가장 효과 적인 방법은 성장기때 치료를 진행하는것이 가장 좋습니다.
그런점에서 볼때 시기가 조금 늦으 것으로 판단되오나 성인의 경우도 보인의 노력으로 차츰 나아지는 경우도 있습니다.
단, 앞서 말씀드린대로 본인의 상당한 노력이 필요하다는점 꼭 숙지 하시기 바랍니다.
저희 병원의 경우 정상적인 척추 모습으로 가기위한 노력 뿐만 아니라 차후 나타날수 있는 통증을 예방하기 위해 최선의 노력을 기울이고 있습니다.
더욱 자세한 상담을 원하신다면 내원하시여 원자님과 상담을 진행해 보시길 권해드립니다.
내원을 원하실 경우 예약 부탁드립니다.
051-714-1831(초진 예약 가능합니다.)",http://xn--od1b68l0cz88csgeeoi.com/bbs/board.php?bo_table=online&wr_id=662&page=8,관리자,12-27
오른쪽 다리가 찌릿하게 전기가 통하는거 같은 느낌 인데 이것두 치료 가능한가요?,,"안녕하세요
어제 부터 다리가 찌릿하게 전기가 오는 느낌이 나는데... 치료 가능할까요
한번씩 이런 느낌이 나는데 치료를 해야 하나 말아야 하나 ^^;;;;
통증병원에 가는게 맞는건지...
답변 부탁드립니다.",http://xn--od1b68l0cz88csgeeoi.com/bbs/board.php?bo_table=online&wr_id=674&page=7,선우,12-05,"안녕하세요 온누리통증 입니다.
문의 주신 다리쪽 통증에 대한 답변을 드립니다.
일단 말씀하신 증상만으로 판단 하자면 음~~~ 허리 신경 자극에 의한 방사통 으로 판단됩니다.
이런 증상이 장기간 지속 된다면 하지 신경에 결고 좋은 영향을 준다고 말씀드리기 어렵습니다.
하여 빠른 시간내에 병원을 방문 하시여 발생하고 있는 증상을 개선 할것을 권해드립니다.
오래 지속된 신경통의 경우 장기간의 치료가 필요하수도 있고 좋지 않은 경우 신경에 문제가 발생하수 있는바
병원에 내원하시여 검사 및 치료 하시길 권해드립니다.
물론 저희 병원에서도 검사 및 치료를 할수 있습니다.  ^^
문의 주신 내용으로는 빠른 시기에 병원에 내원 하시길 권합니다.
감사합니다.
예약문의 : 051-714-1831
내원전 예약 부탁 드립니다.",http://xn--od1b68l0cz88csgeeoi.com/bbs/board.php?bo_table=online&wr_id=678&page=7,관리자,12-06
견갑골 통증 치료 가능 한가요?,,"최근 들어 견갑골 통증이 너무 심한데  치료 가능 할까요?
견갑골 이 왜 아픈지 모르겠는데 잘때도 불편하고  평소 생활하는것도 많이 불편하네요
치료 가능 한거죠?",http://xn--od1b68l0cz88csgeeoi.com/bbs/board.php?bo_table=online&wr_id=673&page=8,선영,12-05,"안녕하세요 온누리통증입니다.
문의 주신 견갑골 통증 치료는 가능합니다.
견갑골 통증의 경우 원인은 다양하게 발생할수 있습니다. 만 대표적으로 견갑골 통증이 심하신경우
목(경추) 치료를 함께 진행하시면 많은 도움이 되는 경우가 많습니다.
견갑골 통증의 경우 견갑골 근육을 과도하게 사용하여 발생하는 경우가 많이 발생하나 일상생활에서
견갑골 근육을 많이 사용하는 경우는 드문 경우 입니다. 하여 흔히 견갑골 통증이 발생하는 경우
대부분 경추(목)의 과도한 긴장 또는 경추근육의 수축으로 발생하는 경우가 많으므로 견갑골 통증치료는
경추와 함께 치료를 권해드리고 있습니다.
견갑골 통증의 치료 방법에는 주사치료, 체외충격파 치료, 도수치료, 물리치료 등 다양한 방법으로 치료를 진행하며
환자분의 증상에 따라 치료 방법이 달라 지는바 내원 하시여 원장님과 상담을 받아 보시길 바랍니다.
문의 내용에 충분한 답변이 되었기를 바랍니다.
예약 문의 : 051-714-1831
내원전 예약 부탁드립니다.",http://xn--od1b68l0cz88csgeeoi.com/bbs/board.php?bo_table=online&wr_id=677&page=8,관리자,12-06
5월29일 정상진료 합니다.,,"안녕하세요 온누리 통증의원 입니다.
이번 5월 29일 임시 공휴일 저희 병원은 정상 진료를 시행합니다.
당일 원내 주차는 불가능 하며 롯데백화점 뒷 편 고려주차장을 이용하시면 됩니다.
감사합니다.",http://xn--od1b68l0cz88csgeeoi.com/bbs/board.php?bo_table=online&wr_id=672&page=8,관리자,05-23,No answer,N/A,N/A,N/A
가슴통증,,"안녕하세요 제가 금욜저녁에 퇴근후부터 이미지에 빨간점 위치(가슴골정중앙 평평한곳)에 통증이 있었습니다.
그때는 기침을 하거나 하면 먼가 거슬리는 정도 그래서 그주위를 찾아 누르면 통증이 있었어요.
그런데 점점 그 통증이 커져서 가슴앞이 전체 욱신거리는 통증이 심한 느낌이예요.
제가 그 전에 달리 부딪히거나 무리한거도 없는데 갑자기 자고나니 아프더라구요
그전에 조금 의심스러운 부분이 있다면 잔기침을 계속 한달가량했는데 기침할때마다 지금 통증이 있는부분이 거슬리면서 아프긴했거든요
그 과정에 이렇게 통증이 생긴건지..
너무 걱정이 되네요 어떤이유일까요?",http://xn--od1b68l0cz88csgeeoi.com/bbs/board.php?bo_table=online&wr_id=671&page=8,현정,03-13,No answer,N/A,N/A,N/A
아이의 키가 걱정 입니다.,,"저... 중학교 1학년 여자아이를 키우고 있는 엄마인데요
저희 아이의 키가 걱정이되서요
여기서는 어떻게 키를 크게 하나요?
우리 아이가 키가 얼마나 클지 알수도 있나요?
또래 보다 작아서 너무 걱정이네요 ㅡ,.ㅡ",http://xn--od1b68l0cz88csgeeoi.com/bbs/board.php?bo_table=online&wr_id=666&page=8,선우엄마,12-27,"안녕하세요 온누리통증의원 입니다.
저희 병원에서는 X-ray촬영을 통하여 성장기 아이들의 예상키를 산정 하고 있습니다.
물로 예상키 이다 보니 정확한것은 아니나 여러 자료를 통하여 예상할수는 있습니다.
그리고 문의 하신 내용중 어떻게 치료를 하는지 궁금 하신듯 한데  저희 병원의 경우 환자분들의 개인별 상태에 따라
치료 방법이 달라집니다.
환자분의 체형, 근육상태, 균형상태, 영향상태등을 종합적으로 고려 하여 치료방향을 설정하고 치료를 진행하는 바
환자분을 보지 않고 뭐라고 말씀드리기 어렵습니다.
정확한 상담을 위해서는 내원 하시여 상담진행을 해보시길 권해드립니다.
내원전 예약 부탁 드립니다.
문의전화 : 051-714-1831(초진 예약 가능합니다.)",http://xn--od1b68l0cz88csgeeoi.com/bbs/board.php?bo_table=online&wr_id=670&page=8,관리자,01-06
허리 디스크 치료 가능한가요?,,"허리 디스크 진단을 받은 20대 남자 입니다.
정형외과에서 허리 디스크 진단을 받고 수술을 권해 들었는데...
수술하고 싶지가 않아서요 주위에서도 수술은 하지 말라고 말리기도 하고...
근데 일은 해야 해서 어떻게 해야 하는지 판단이 안됨니다.
비수술적으로 치료를 한다고 해서 문의 드립니다.
허리 디스크 인데 수술없이 치료 가능 할까요?",http://xn--od1b68l0cz88csgeeoi.com/bbs/board.php?bo_table=online&wr_id=155&page=17,준영,04-02,"안녕하세요 온누리통증의원 입니다.
우선 문의 주셔서 감사합니다.
먼저 말씀드리자면 허리 디스크 수술은 정말 급할때 어쩔수 없이 하는것이 좋습니다.
예을 들자면 엄지 발가락을 들어 올릴 힘이 없을 정도 이던가
다리에 힘이 풀려 걸을 수 없을 정도 라던가
계속적인 증상을 자주 반복적으로 발생하여 일상생활이 힘들때
정도 이면 수술을 하시는게 맞습니다.
그렇지 않은 경우 대부분 누워만 있어도 회복 할수 있는 것이 허리 디스크 입니다.
하지만 현대 사회에서 누워만 있을수는 없으므로 여러 가지 방법을 통하여 치료를 하여
빠르게 일상생활을 할수 있도록 하기 위해 존재 하는 것이 의료 기술 이겠죠
저희 병원에서는 비수술적인 치료(주사 신경치료)를 통하여 통증을 완화 시켜 일상생활이 가능 하도록 도와 드릴수 있습니다.
또한 도수 치료 및 운동치료를 처방하여 재발 방지 및 치료를 병해 할수 있습니다.
자세한 상담은 내원 하시여 원장님을 만나 볼것을 권해 드리며
혹시  MRI 또는  다른 영상 자료가 있다면 CD를 가져 오시면 진단에 도움을 드릴수 있을것으로 판단 됩니다.
내원전 예약은 필수 이며
051-714-1831 로 전화 주세요
초진 환자도 예약 가능합니다.
감사합니다.",http://xn--od1b68l0cz88csgeeoi.com/bbs/board.php?bo_table=online&wr_id=156&page=17,관리자,04-02
성장프로그램 자세한 설명 부탁 드려도 될까요?,,"안녕하세요
다름이 아니라 성장프로그램이라고 있던데
자세한 설명을 부탁드리고자 글을 남김니다.
어떤 프로그램으로 어떤방식으로 성장프로그램을 진행하는지 알고싶습니다.
자세한 설명이면 좋겠으나 너무 간략한 내용이나마 설명 부탁 드립니다.
다른 병원과는 어떤 차이점이 있는지 알고 싶기도 하구요
부탁 드립니다.
참고로 저희 아이는 초등학교 5학년으로 내년에 6학년으로 가는데 또래 보다 작은것 같아 걱정이 많은 부모입니다.
자세한 설명이 있으면 병원을 선택하는데 도움될것같아 글을 남깁니다.
답변 기다리겠습니다.",http://xn--od1b68l0cz88csgeeoi.com/bbs/board.php?bo_table=online&wr_id=664&page=8,철환,12-27,"안녕하세요 온누리통증의원 입니다.
우선 자녀분의 키가 걱정이라고 하시는데  ^^
자녀의 키는 유전적인 원인과 환경적인 원인 등 다양한 원인으로 인하여 키가 결정 되기에 너무 많은 걱정은 하지 않으시길 바랍니다.
예전에는 유전적인 원인이 절대적인것으로 판단하는 경우가 많았으나 요즘은 환경적인 원인(영양상태, 운동상태 등)으로도 아이의 키가 결정 되는 경우도 많이 있습니다.
저희 병원에서는 자녀분의 예상키를 우선 예측(X-ray)하여 예상 보다는 더 클수 있도록 노력하고 있습니다.
단순히 성장판을 자극하여 키를 크게 한다는 말씀을 드리는 것이 아니라 성장기 아이에 필요한 근육을 발달 시키고
키가 자랄수 있는 환경적인 조건을 만들고자 노력 하여 성장기 아이의 키 성장을 촉진 시키고자 노력 하고 있습니다.
그에 다양한 프로그램을 통하여 균형감간향상, 아이의 상태에 맞는 근육 성장 운동 등을 시행하여 키성장을 돋고 있습니다.
어떤 프로그램 있는지 구체적인 답변을 원하셨는데 이부분은 죄송합니다. 저희가 시행하고 있는 운동도수의 경우 환자분 개개인 별 맞춤 치료이다 보니
치료 프로그램이 십수가지가 됩니다.  그러다 보니 자세한 설명은 힘들듯 합니다.
개개인별 맞춤 치료로 인하여 프로그램이 달라지는바 우선 내원 하시여 자세한 설명을 들어 보시길 추천합니다.
원하시는 충분한 답변이 아닌듯 하여 죄송합니다.
내원전 예약 부탁드립니다.
문의전화 : 051-714-1831(초진 예약 가능합니다.)",http://xn--od1b68l0cz88csgeeoi.com/bbs/board.php?bo_table=online&wr_id=668&page=8,관리자,01-06
일자목 치료 가능한가요?,,"혹시 일자목 치료 가능한가요?
치료 가능하다면 어떤 치료를 하시는 궁금합니다.
치료 비용도 알수 있으면 좋을듯 한데 가능할까요?",http://xn--od1b68l0cz88csgeeoi.com/bbs/board.php?bo_table=online&wr_id=663&page=8,상민,12-27,"안녕하세요 온누리통증의원 입니다.
우선 결론 부터 말씀드리면 현재 일자목으로 변형된 목을 정상 적인 목 모양으로 다시 회복하기 위해서는
엄청난 노력이 필요합니다. 물론 의학적인 도움도 필요로 하나 변형된 목 모양을 원상 회복하기 위해선 환자 본인의 엄청난 노력
생활습관 방식 일하는 형태 걸음 걸이 등 모든것을 바꿔야만 가능하다고 말씀 드릴수 있습니다.
일자목으로 변형이 되었다는 것은 일시적 또는 갑자기 그렇게 변형 된것은 아님니다.
오랜시간 잘못된 습관, 자세 등의 영향으로 변형된것으로 이를 단시일에 원상복구 한다는 것은 말이 되지 않는것 입니다.
그러므로 일자목을 다시 정상적인 목의 형태로 되돌리기 위해서는 엄청남 노력과 시간, 비용을 필요로 한다는 것을 인지하시기 바라며.
저희 병원에서는 일자목으로 인해 발생하는 통증 줄여 주는 치료를 진행할수 있음을 알려 드립니다.
우선 발생하는 통증을 주사 치료 또는 물리치료를 통하여 통증 강도를 낮추는 치료를 우선 진행 하며 이후 환자분의 의향에 따라
추가 치료를 진행하게 됩니다.
여기서 말한 추가 치료는 운동도수치료로 일자목으로 인하여 발생할수 있는 통증을 비연에 방지자고 자세교정 및 필요한 근육강화 운동을 통하여
일자목의 개선을 목표로 진행하게 되는 치료를 말합니다.
말씀하신 비용의 경우 어떤 치료를 어떻게 할지는 환자분의 상태 및 증상에 따라 달라지므로 정확히 측정하여 말씀드리기는 어려울듯 합니다.
충분한 답변이 되었기를 바랍니다.
내원시 예약 부탁드립니다.
문의전화 : 051-714-1831(초진 예약 가능합니다.)",http://xn--od1b68l0cz88csgeeoi.com/bbs/board.php?bo_table=online&wr_id=667&page=8,관리자,01-06
날개 쭉지가 아파요 ㅠ.ㅠ,,"안녕하세요
최근들어 흔히들 말하는 날개쭉지 부위가 아프서 문의 드립니다.
친구들이 날개 나는거 아니냐고 놀리는데  ㅡ,.ㅡ
전 아파서 힘들어요
못 움직은 정도는 아는데 계속 신경이 쓰이고 아프고 잠도 못자겠고 좀 도와주세요
왜 이런건지 모르겠어요
아픈 곳을 마사지도 해보고 안마의자에도 앉아보고 했는데 영~~~~ 나아지지 않아요
치료 가능하겠죠  ^^",http://xn--od1b68l0cz88csgeeoi.com/bbs/board.php?bo_table=online&wr_id=657&page=8,아픈사람,12-24,"안녕하세요 온누리통증의원 입니다.
문의주신 내용일 살펴 보니 많이 힘드신듯 한데 빠른 쾌유를 바랍니다.
우선 결론부터 말씀 드리면 현재 아픈 부위는 목때문에 아픈 것으로 판단됩니다.
목????  의외 일수 있겠습니다만
현재 불편함을 느끼는 부위에 대부분의 경우 목근육의 피로도가 너무 심하여 나타나는 증상으로 판단됩니다.
쉽게말해서 목근육는  머리를 바치고 움직이게 하기 위해 존재하는데 이 근육들이 버티다 버티다 도저히 힘이 딸려서 승모근 또는
날개 쭉지 근육들을 끌어다 쓴다는 표현을 하게 됩니다.
그러다 보니 날개 쭉지 근육은 자신의 일이 아닌일을 하게 되고 그러다 보니 그쪽 근육 또한 피로도와 스트레스가 싸여 아프다고 아성 치는 것이이라고
생각하시면 됩니다.  ^^
쉽게 이해 하셨나요?
목 근육의 경우 우리 몸 중 중요기관인 머리를 움직이고 바쳐하 하므로 왠만해서는 아프다고 아우성을 치지 않습니다.
그래서 목근육이 피곤할 경우 다른 근육을 끌어다 쓰는데 그 대표적인 근육이 승모근 근육과 날깨쭉지 근유 그리고 어께근육 등을 사용하게 되고
이렇게 끌어다 사용하게 되면 사용한 근육들은 많은 스트레스를 받게 됩니다.
그로 인해 근육의 통증을 유발하게 됩니다.
치료 방법은 통증을 유발하는 곳을 치료하는 것과 동시에 목 치료도 함께 하셔야 좀더 수월하게 통증조절이 가능할것으로 판단 됩니다.
충분한 답변이 되었기를 바랍니다.
혹시 내원을 원하신다면
내원전 예약 부탁 드립니다.
051-714-1831(초진 예약가능합니다.)",http://xn--od1b68l0cz88csgeeoi.com/bbs/board.php?bo_table=online&wr_id=661&page=9,관리자,12-27
손목 통증 치료 가능한가요?,,"안녕하세요
손목통증으로 치료를 받고 싶은데 가능한요
손목이 아파서 일을 못할정도 인데 금방 치료가 가능할까요?
일때문에 빨리 치료를 받고 싶은데....",http://xn--od1b68l0cz88csgeeoi.com/bbs/board.php?bo_table=online&wr_id=656&page=9,민서,12-24,"안녕하세요 온누리통증의원 입니다.
손목통증으로 고생을 하고 계신듯 한데 빨리 완쾌되시기리 기원 합니다.
문의주신 내용에 답변을 드리자면 ^^
손목통증의 경우 주사 한방으로 치료가 가능하다..  글쎄요
주사 한방으로 금방 괜찮은듯 느껴 지는 경우는 대부분 스테로이드 주사를 사용하면 될듯 합니다 만
저희 병원에서는 스테로이는 사용하지 않아서 한방에 금방 치료가 가능하다고는 장담을 드릴수는 없습니다. 하지만
문의주신 분의 손목통증의 근본적인 원인을 찾아 해결하기 노력 할수는 있을듯 합니다.
대부분의 경우 이벤트적인 것으로 인한 통증이 아니라면 원인을 찾아 해결하지 않는다면 다시 재발하는 경우가 많아
이렇게 길게 답변을 드립니다.
아주 빠른 통증해소를 원하신다면 최선을 다해 치료를 해드릴수 있을듯 하나 좀더 근본적인 치료를 해보시는건 어떤지 권해드리며
이만 줄이겠습니다.
내원전 예약 부탁 드립니다.
051-714-1831(초진 예약 가능합니다.)",http://xn--od1b68l0cz88csgeeoi.com/bbs/board.php?bo_table=online&wr_id=660&page=9,관리자,12-27
허리치료 어떻게 하나요?,,"여기 병원은 어떻게 허리치료를 하나요
허리가 아파서 다른 병원에서 몇번 치료를 받아 봤는데 그때 뿐이라....
어떤치료를 어떻게 하는지 궁금합니다.
혹시 비용도 알수 있을까요?",http://xn--od1b68l0cz88csgeeoi.com/bbs/board.php?bo_table=online&wr_id=655&page=9,선아,12-24,"안녕하세요 온누리통증의원 입니다.
우선 허리통증으로 고생하고 계신듯 한데 빠른 쾌유를 바랍니다.
저희 병원에서의 허리 통증 치료는 여러가지가 있으나 대표적인것은 허리근육을 이완 시켜 주는 치료를 시행하게 됩니다.
대표적인 것이 주사치료를 통하여 근육의 피로도을 낮춰주고 물리치료를 통하여 허리 통증을 완화 시키는 치료와
체외 충격파를 이용하여 허리 근육을 이완시켜 주는 치료 + 물리치료 필요에 따라서는 도수치료를 병행 하기도 합니다.
그 이외 운동도수치료를 시행하여 장기적인 허리통증을 해소 시키는 등의 여러방법을 통하여 허리통증 치료를 시행하고 있습니다.
그외 허리 신경통으로 인한 다리저림 등의 증상을 해소시킬수 있는 시술을 통하여 허리통증 및 신경통 증상등을 치료 하고 있습니다.
결론적으로 말씀드리면 주사치료, 체외충격파, 물리치료, 도수치료, 운동도수치료, 등의 다양한 방법으로 허리치료가 가능합니다.
우선 내원 하시여 원장님과 상담을 진행한 후 치료 방향을 정하시는것을 추천해 드립니다.
충분한 답변이 되었기를 바랍니다.
내원전 예약 부탁드립니다.
051-714-1831(초진 예약 가능 합니다.)",http://xn--od1b68l0cz88csgeeoi.com/bbs/board.php?bo_table=online&wr_id=659&page=9,관리자,12-27
성장프로그램이 있던데 어떻게 하는건요,,"안녕하세요 중학교 1학년 여자아이를 키우고 있는 엄마 인데요
아이가 또래 보다 키가 작은거 같아 걱정입니다.
여기 보니 성장클리닉? 이라고 있어서 문의글을 남기는데요
여기서는 아이들의 성장 프로그램을 어떻게 진행하고 있는거죠
엄마가 작아서 아이키도 많이 걱정되고 그러네요
비용도 혹시 알수 있을까요?",http://xn--od1b68l0cz88csgeeoi.com/bbs/board.php?bo_table=online&wr_id=276&page=9,이영숙,09-30,"안녕하세요 온누리통증의원 입니다.
성장클리닉의 경우 따로 주사나 약물 치료가 아닌 여라가지 운동 및 도수치료를 진행하여
성장판을 자극하여 성장을 촉진시키는 치료를 진행하고 있으며
환자분들의 체형 및 운동발달 상태등을 종합적으로 검사사여 그에 맞는 치료를 진행하게 됩니다.
그러므로 어떤 치료를 어떻게 할지는 환자분들마다 다르므로 특정 지어 설명드리기는 어려우며
정확한 자녀분의 상태를 점검하기 위해서는 병원에 내원하시여 정확한 검진 및 상담을 진행해 볼것을 권해 드립니다.
내원 전 예약은 필수 입니다.
초진 예약가능 합니다.
(051-714-1831)",http://xn--od1b68l0cz88csgeeoi.com/bbs/board.php?bo_table=online&wr_id=278&page=9,관리자,10-21
청소년 측만증 문의,,"안녕하세요
중학생 여자아이 엄마 입니다.
다름이 아니라 아이가 다른 병원에서 측만증 이라는 말을 들었는데 측만증이란걸 찾아보니 척추가 휘어진걸 말하더군요
치료 하는 병원은 많이 있던데 꼭 치료를 해야 하는건가요
치료를 한다면 여기 병원에서는 어떻게 치료를 하는건가요?
혹시 비용도 알수 있을까요?",http://xn--od1b68l0cz88csgeeoi.com/bbs/board.php?bo_table=online&wr_id=275&page=9,희진,09-30,"안녕하세요 온누리통증의원 입니다.
자녀분이 측만증 진단을 받으시고 걱정이 많으시겠습니다.
성장기 측만증의 경우 현재 나타나는 증상은 거의 없을 수도 있습니다.
측만증에 의한 여러가지 나타날수 있는 증상으로는 외형적인 변형 또는 여러 발달 불균형 등을 초래 할수 있습니다.
당장 나타는 증상을 없을지라도 차후 여라 문제점들을 나타 낼수도 있는봐 치료를 진행해 볼것을 권해드립니다.
측만증의 경우 치료 시기가 가장 중요하므로 치료를 권장합니다.
비용의 경우 도수운동치료를 진행하여 15만원 정도 생각하시면 됩니다 만 정확한 금액과 치료 방법은 내원하시여
원장님과 상담을 진행해 볼것을 권해드립니다.
내원전 예약은 필수 입니다.
초진 예약 가능(051-714-1831)",http://xn--od1b68l0cz88csgeeoi.com/bbs/board.php?bo_table=online&wr_id=277&page=9,관리자,10-21
손목치료 방법이 궁금해요,,"안녕하세요
손목치료 방법이 궁금한데요 여기 병원에서는 어떤 치료를 하시나요?
다른 병원에서 치료를 받아 봤는데 그때 뿐이고 다시 아프고... 계속 적으로 반복이 되고 있어요
손목이 아프니 일하는데도 지장이 많고 불편한 점이 한두가지가 아니네요
이 병원에서 하는 치료 방법과 다시 아프지 않기 위해서 뭘 해야 하는지 알고 싶어요",http://xn--od1b68l0cz88csgeeoi.com/bbs/board.php?bo_table=online&wr_id=270&page=9,김은서,09-19,"안녕하세요 온누리통증의원 입니다.
손목 통증으로 많은 고생을 하고 계신것으로 보이네요 ^^
우선 저희 병원에서는 손목이 자주 아픈 원인을 찾아 치료를 진행합니다.
보통 손목이 아프다는 이유로 손목만을 치료 하게 되는 환자분 처럼 손목이 반복적으로 통증을 유발 하는 경우가 많이 있습니다.
이때는 손목이 아픈 근본적인 원인을 찾아 함께 치료를 진행 하여야 반복적인 손목통증 없이 생활하실수 있을 것으로 생각됩니다.
우선 손목 통증이 반복적으로 지속 된다면 목, 어깨 쪽의 문제도 함께 고민해 봐야 할것입니다.
우선 손목 통증의 경우 치료 방법은 주사치료, 체외충격파, 도수치료, 물리치료 등으로 치료를 진행하며 환자분의 상태에 따라 치료 방법은 달라지게 됩니다.
앞서 말씀 드린대로 손목통증이 반복 된다면 목, 어깨 치료도 함께 진행 될수 있습니다.
정확한 치료 방법은 환자분의 상태에 따라 원장님께서 결정 하시는 봐 내원 하시여 원장님과 상담을 진행해 볼것을 권해 드립니다.
내원전 예약 꼭 부탁 드립니다.
예약전화 : 051-714-1831
(초진 예약 가능 합니다.)",http://xn--od1b68l0cz88csgeeoi.com/bbs/board.php?bo_table=online&wr_id=274&page=9,관리자,09-26
발목치료 문의,,"발목을 자주 다치는 20대 여자 입니다.
왜 이렇게 발목을 자주 다치는지....
다른 사람에 비해 자주 발목을 다쳐서 고민인데요 혹시 이런 것도 치료 가능 할까요
현재는 아프지는 않지만 또 언제 발목을 다칠지 항상 불안 합니다.
발목을 자주 다치는 원인을 좀 알려 주세요
이런것도 치료 가능 한지도요 ^^",http://xn--od1b68l0cz88csgeeoi.com/bbs/board.php?bo_table=online&wr_id=269&page=9,민서,09-19,"안녕하세요 온누리통증의원 입니다.
평소에 발목을 자주 접지르신단 말씀이신거죠 ^^
음~~~ 발목이 자주 다시시는 경우 여러 가지 원인이 있을수 있는데
우선 몸 발란스가 무너진 경우?  즉 우리몸의 좌우 발란스가 맞지 않아 한쪽으로 과도하게 체중이 실리게 되면 발목을 다치실수도 있고
다리 근육의 불균형에 의해서도 다치실수도 있고.....
감각의 이상으로도 일어 날수 있고
너무 다양한 원인으로 인하여 발목을 자주 다치시는 경우가 많이 있습니다.
이러한 경우 정확한 검사를 통하여 원인을 찾은 다음 치료를 진행하여야 하는데 솔직히 원인을 찾기는 쉽지 않습니다.
일단 원인을 찾게 된다면 지금처럼 발목을 자주 다치시는 경우는 많이 줄어 들것입니다.
물론 치료는 가능 하며 원인을 찾을수 있도록 도와 드리겠습니다. ^^
우선 내원 하시여 원장님과 상담을 진행해 보세요
내원시 예약은 필수 입니다.
예약문의 : 051-714-1831
(초진 예약 가능합니다.)",http://xn--od1b68l0cz88csgeeoi.com/bbs/board.php?bo_table=online&wr_id=273&page=9,관리자,09-26
허리가 아픈데 치료 가능할까요?,,"최근 들어 허리가 아픈데 치료 가능 하죠?  ^^
허리치료는 어떻게 하나요?
비용도 긍금한데 알려 주실수 있나요?
혹시 허리가 아프지 않기 위해서 해야 하는 운동 같은게 있으면 알려 줄수 있나요?",http://xn--od1b68l0cz88csgeeoi.com/bbs/board.php?bo_table=online&wr_id=268&page=9,찬혁,09-19,"안녕하세요 온누리통증의원 입니다.
우선 허리가 아프시다고 하니 많이 불펺하시겠습니다.
빠른 완치를 바라며 답변 드리겠습니다.
우선 허리가 아프신 경우 저희 병원에서는 주사치료, 체외충격파 치료, 도수치료, 기타 물리치료를 진행 하고 있습니다.
경우에 따라 위 에서 언급한 치료들 중 선택적으로 진행 하게 되는데 문의 주신 치료 비용은 어떤 치료를 어떻게 진행할지 알수 없어
정확한 금액을 알려 드릴수 없는점 죄송하게 생각합니다.
치료 방법에 따른 치료 금액이 차이가 많아 날수 있어 정확히 얼마라고 말씀 드릴수 없어서......
그리고 허리 운동을 문의 주셨는데 우선 아프신 상태에서는 운동 보다는 휴식을 권해 드립니다.
아프신 상태에서 무리한 운동은 상태를 더욱 악화 시킬수 있으므로 운동을 하시기 보다는 충분한 휴식을 통하여 통증을 조절 하시는 것이
현명한 방법으로 판단됩니다.
우선 내원 하시여 허리 통증을 조절 하신 후 운동 등을 하시길 권해드립니다.
내원시 예약 부탁 드립니다.
예약문의 : 051-714-1831
(초진 예약 가능 합니다.)",http://xn--od1b68l0cz88csgeeoi.com/bbs/board.php?bo_table=online&wr_id=272&page=9,관리자,09-26
다른병원에서 측만증 이라고 하던데 치료 가능한가요?,,"안녕하세요
다른병원에서 검사를 받았는데 아이가 측만증이라는 이야기를 들었는데요
이건 치료해야 하나요?
사진을 복사해서 왔는데 치료를 해야 하는지 어떻게 해야하는지 잘 모르겠어요",http://xn--od1b68l0cz88csgeeoi.com/bbs/board.php?bo_table=online&wr_id=267&page=10,선아맘,09-19,"안녕하세요 온누리통증의원 입니다.
우선 측만증 진단을 받으셨다면 내원 하시여 상담을 진행해 보시길 부탁 드립니다.
측만증의 경우 그 정도와 나타나는 증상등 여러 가지를 종합 적으로 분석 하여 치료 여부를 결정 하는것이 가장 좋은 방법입니다.
굳이 치료가 필요 없는 경우도 있으나 치료 시기, 측만증의 정도 등을 고려 하여 치료 여부를 결정 하는것이 좋으므로
내원 하시여 원장님과의 상담을 진행해 볼것을 권해 드립니다.
가지고 계신 사진은 내원시 지참 하시면 진료에 참고 하겠습니다.
내원시 예약은 필해 부탁 드립니다.
예약문의 : 051-714-1831
(초진 예약 가능합니다.)",http://xn--od1b68l0cz88csgeeoi.com/bbs/board.php?bo_table=online&wr_id=271&page=10,관리자,09-26
목 치료 문의,,"안녕하세요
아래 글 중에 두통이 목 때문에 발생할수 있다고 해서 몇자 남기는데요
저도 두통이 자주 발생하는데 답변주신 것 처럼 목 치료를 하면 나아 질까요?
평소에 마사지를 좀 받으면 두통이 없어 질런지 궁금합니다.
답변 기다리겠습니다.",http://xn--od1b68l0cz88csgeeoi.com/bbs/board.php?bo_table=online&wr_id=264&page=10,선아,09-02,"안녕하세요 온누리통증의원 입니다.
문의 내용을 살펴 보았을때 저희가 말씀 드릴수 있는것은 통상적인 두통의 경우를 말씀 드리는 것으로 정확한 진단 및 치료는 내원 하시여
원장님 상담을 진행할것을 건의 드립니다.
또한 마사지의 경우 물론 두통을 예방할수 있으나 지나친 마시지의 경우 병변을 더울 악화시킬수도 있다는 사실 또한 인지하시고 진행하시길 바랍니다.
내원전 예약 부탁 드립니다.
예약문의 : 051-714-1831(초진 예약 가능합니다.)",http://xn--od1b68l0cz88csgeeoi.com/bbs/board.php?bo_table=online&wr_id=266&page=10,관리자,09-05
몇일동안 날개 쭉지 부위가 아픈에 어떻게 치료 가능한가요?,,"몇일 동안 왼쪽 날개 쭉지 쪽이 너무 불편한데 치료 가능한가요?
어떤치료를 하는지 알수 있을까요?
혹시 여기 부위가 아픈 이유도 알수 있나요?
최근들어 많이 아프긴 하지만 자주 아픈곳이라 안아플 방법은 없는건지 궁금합니다.",http://xn--od1b68l0cz88csgeeoi.com/bbs/board.php?bo_table=online&wr_id=263&page=10,성찬,09-02,"안녕하세요 온누리통증의원 입니다.
말씀하신 부위가 흔히 말하는 날개쭉지 쪽인듯 한데 맞으시죠 ^^
보통의 경우 갑작스런 근육 사용으로 일시적으로 아플수는 있으나 문의 주신 내용을 보니 자주 통증이 발생하는듯 합니다.
이런 경우 보통 목 상태가 안좋은 경우 발생할수 있습니다.
목 상태가 안좋은데 왜 그부위가 아픈가 하고 의문을 가질수 있으나
목 근육의 무리한 사용으로 인하여 목이 아픈 경우는 잘 없습니다.
목 상태(목근육)의 운동범위를 넘어서는 경우 쉽게 말해서 다른 근육을 끌어다 사용 한다라고 생각하시면 이해하기 편하실듯 합니다.
목의 경우 우리 인체 중 중요부위인 머리를 바치고 움직이는 기능을 하므로 피로도가 많이 싸인다고 해서 아픈 경우는 잘없습니다.
앞서 말씀드린데로 목 근육의 운동범위를 벗아난 경우 다른 근육(보통 승모근, 어께, 날개쭉지)들을 사용하여 움직이며
이럴 경우 목 근육이 아닌 다른 근육들에게서 통증이 발생할수 있습니다.
치료 방법은 통증이 발생하는 부위 이외 목 치료도 같이 하게 되면 효과를 보실수 있습니다.
저희 병원의 경우 체외충격파, 주사치료, 각종 물리치료, 도수치료 등으로 치료를 진행하게 됩니다.
말씀하신 부위의 아픈 원인으로 과도한 스트레스, 오랜시간 컴퓨터작업, 잦은 스마트폰 사용 등으로 인하여 자주 발생합니다.
안아플 방법은 ^^ 일단 근육을 풀어 줄수 있는 충분한 스트레칭 및 운동을 통해서 근육의 긴장도를 낮추는 방법이 가장 좋습니다.
(주의 통증이 있는 상태에서의 스트레칭은 자칫 병변을 더 악화시킬수 있습니다.)
정확한 원인 및 치료를 원하실 경우 내원하시여 원장님과 상담을 진행해 볼것을 권해드립니다.
내원전 예약은 필수 입니다.
전화번호 : 051-714-1831(초진 예약 가능합니다.)",http://xn--od1b68l0cz88csgeeoi.com/bbs/board.php?bo_table=online&wr_id=265&page=10,관리자,09-05
어깨 치료 문의,,"어깨 치료 가능하죠?
어깨 치료는 어떻게 하시는지 궁금합니다.
주사치료랑 물리치료만 하는 건지 아니면 다른 치료를 같이 하시는지
다른 병원에 다니고 있는데 별 차도를 못느끼고 있어서
혹시나 하는 마음으로 글을 남김니다.",http://xn--od1b68l0cz88csgeeoi.com/bbs/board.php?bo_table=online&wr_id=259&page=10,선옥,08-23,"안녕하세요 온누리통증의원 입니다.
어깨 통증으로 고생을 하고 계신듯 한데 빠른 쾌유를 바라며 답변 남김니다.
우선 저희 병원의 경우 어깨가 아픈 원인을 먼저 찾아 치료를 진행합니다.
단순히 어깨만 아픈 경우도 있을수 있으나 어깨 이외 다른 부위의 이상으로 어깨 통증을 호소 할수도 있습니다.
하여 저희 병원에서는 어깨 통증을 유발하는 원인을 찾아 치료를 함께 진행하고 있습니다.
저희 병원 또한 어깨 치료의 경우 주사치료, 물리치료를 병해하고 있으며 이외 필요에 따라서 도수치료 및 고강도 레이져 치료를 함께 하여
치료에 도움을 드리고자 노력 하고 있습니다.
앞서 말씀드린데로 어깨 통증이 치료 이후에도 계속 된다면 어깨 이외 다른 부분의 이상 유무도 함께 확인해 볼것을 권해드리며 이만 줄이겠습니다.
충분한 답변이 되었기를 바랍니다.
문의전화 : 051-714-1831
내원전 예약 부탁 드립니다.(초진 예약 가능합니다.)",http://xn--od1b68l0cz88csgeeoi.com/bbs/board.php?bo_table=online&wr_id=261&page=10,관리자,08-26
발바닦이 아픈데 치료 해야 하나요?,,"안녕하세요
요즘 발바닦이 아픈데 이거 치료 해야 하는건가요?
아침에 일어나면 조금 불편하다가 조금 지나면 괜찮아 지기는 한데
어떤때는 조금 걷다가 아프기도 하고 좀 그래요 ^^
이것두 치료를 해야 할까요?
증상을 찾아 보내 족저근막염? 이런건지
족저근막염은 치료 안해도 낳아진다고 하기도 하던데
가끔 불편해서요
답변 부탁 드립니다.",http://xn--od1b68l0cz88csgeeoi.com/bbs/board.php?bo_table=online&wr_id=258&page=10,곰발바닥,08-23,"안녕하세요 온누리통증의원 입니다.
음~~~ 문의 주신 글을 보니 명확하게 변명이 무엇이다라고 하기에는 어려울듯 합니다.
환자분들의 증상이 비슷 하다고 해서 모두 같은 변명으로 진단이 나오는것이 아닌 만큼 정확한 진단(변명)을 위해서는
우선 병원에 방문하시여 진료 및 검사를 진행하여 변명에 맞는 치료를 할것을 권해드립니다.
그리고 족저근막염 치료 여부를 문의 주셨는데...
족저근막염의 경우 여러 가지 방법으로 치료가 가능합니다.
주사치료, 체외충격파치료, 물리치료 등 여러 방법을 이용하여 치료를 진행하게 되는 바 어떤 특정한 방법으로 치료를 한다라고 말씀 드리기 어렵습니다.
만약 족저근막염이 맞다면 치료를 진행할것을 권해드립니다. 병변이라는 것은 오래 둔다고 좋은게 없으니까요 ^^
충분한 답변이 되었기를 바랍니다.
문의전화 : 051-714-1831
내원시 예약 부탁 드립니다.(초진 예약 가능합니다.)",http://xn--od1b68l0cz88csgeeoi.com/bbs/board.php?bo_table=online&wr_id=260&page=10,관리자,08-26
대상포진 치료 가능한가요?,,"대상포진 치료가 가능 한가요?
피부과에서 대상포진 진단 받고 약을 복용 하고 있는데 계속 아프네요
통증의학과 가면 된다고 하던데...
통증의학과에서는 대상포진을 어떻게 치료 하나요?
여기서도 약을 타서 먹어야 하는건가요?",http://xn--od1b68l0cz88csgeeoi.com/bbs/board.php?bo_table=online&wr_id=257&page=10,미선,08-23,"안녕하세요 온누리통증의원 입니다.
우선 대상포진의 경우 저희 병원에서 약을 직접 처방하여 대상포진을 치료 하지는 않습니다.
대상포진의 경우 대상포진 후 신경통을 호소 하시는 경우가 많이 있는데 이 경우 저희 병원에서 치료를 진행 하실수 있습니다.
대상포진을 앓으시는 동안에도 통증이 있는경우 통증을 경감시켜 드릴수는 있으나 대상포진 자체를 치료 하지 않는다는 점만 유의 하시면 되겠습니다.
대상포진 후 신경통의 경우 주사 치료를 통하여 신경차단술을 시행하여 점차적으로 통증을 경감시키는 경우와
페인콘트롤러 기계를 통하여 통증을 경감 시키는 경우가 있습니다.
이는 환자분의 상태에 따라 원장님께서 치료 방법을 결정 하시는바 만약 대상포진 신경통으로 통증을 소호 하시는 경우라면
내원 하시여 원장님과 상담을 진행 하시길 바랍니다.
충분한 답변이 되었기를 바랍니다.
문의전화 : 051-714-1831
내원전 예약 부탁 드립니다.(초진 예약 가능합니다.)",http://xn--od1b68l0cz88csgeeoi.com/bbs/board.php?bo_table=online&wr_id=262&page=10,관리자,08-26
손가락이랑 손목 치료 어떻게 하나요? 주사는 무서워서 ㅠ.ㅠ,,"손가락이랑 손목이 아픈데 꼭 주사 치료를 해야 하나요?
주사치료가 무섭기도 하고 아플것 같아서 주사는 맞기 싫은데...
주사 없이 치료가 가능할까요?
치료가 가능하다면 어떤 치료를 하는지도 궁금합니다.
주사 무서워요  ㅠ.ㅠ",http://xn--od1b68l0cz88csgeeoi.com/bbs/board.php?bo_table=online&wr_id=252&page=10,미선,08-18,"안녕하세요 온누리통증의원 입니다.
^^ 주사 치료의 무서움을 가지고 계시군요
저희 병원에서는 꼭 주사 치료가 아니더라도 여러 가지 방법으로 통증을 조절하고자 노력 하고 있습니다.
우선 대표적으로 고강도레이져(힐트)를 이용하여 통증을 조절하는 방법과 도수치료 여러 물리치료기르 이용하여 환자분들의 통증을
낮춰드리고자 노력 하고 있습니다.
하지만 환자분의 현재 상태를 알수 없어 꼭 주사치료를 안한다 라고 말씀 드리기는 어렵습니다.
환자분의 병변 부위가 꼭 주사가 필요할수 있기 때문에 말씀드른 것으로 주사치료를 필히 한다 는 아님니다. ^^
우선 내원하시여 원장님가 상담을 진행해 보시고 원장님과 상담시 꼭 주사치료 없이 치료 가능 여부를 문의 하시길 바랍니다.
문의전화 : 051-714-1831
내원전 예약 필수(추진 예약 가능합니다.)",http://xn--od1b68l0cz88csgeeoi.com/bbs/board.php?bo_table=online&wr_id=256&page=10,관리자,08-22
측만증이 뭔가요?,,"안녕하세요
중학생 여자아이를 둔 아이 엄마입니다.
아이가 측만증 같다라고 하는데 정확히는 학교에서 하는 검사?  같은걸 받았는데
측만증이 있는거 같다고 하던데 측만증이 뭔지...
인터넷에 찾아보니 허리뼈가 휘어진거라고 하던데 측만증이 있으면 꼭 치료가 필요 한건가요?
아이의 허리가 휘었다고 하니 많이 불안하기는 한데 아이에게 물으니 아픈곳도 없다고 하는데
치료가 꼭 필요한지 치료를 안해도 될련지 궁금해서 글을 남김니다.
답변 기다리겠습니다.",http://xn--od1b68l0cz88csgeeoi.com/bbs/board.php?bo_table=online&wr_id=251&page=10,미영,08-18,"안녕하세요 온누리 통증의원 입니다.
문의 주신 측만증이란 척추뼈의 후어 짐이 10도를 기준으로 10도 보다 더 기울어 졌다면 측만증이라고 진단을 하며
10도 미만일 경울 측만이 있다고 흔히들 말을 합니다.
즉 측만증이란 척추뼈의 후어짐의 각도를 의미하며 대부분의 사람들의 경우 측만을 가지고 있을수는 있느나
측만증 이라는 진단을 가지고 있지는 않습니다.
엄밀히 말하여 측만이 있는 것과 측만증은 다르다고 말쓴 드릴 수도 있습니다.
문의 주신 내용 중에 측만증 진단을 받았다고 하시는데 이는 병원마다 검사 방식이 조금씩 다를 수가 있어 만약 저희 병원에 내원하시면
저희 병원 맞는 영상 촬영과 외부 진단을 통하여 측만증 여부를 판단하여 진단을 해드리고 있습니다.
그리고 측만증의 경우 꼭 치료를 해야 하는지는 환자 본인과 보호자의 판단에 따라 달라짐니다.
하지만 말씀 드리고 싶은것은 측만증의 경우 차후 성장기가 끝난이후 통증이 발생할수도 있고 외부 미용상 한쪽 어께의 기울어짐 등의 문제를 발생 시킬수 있습니다.
측만증 형태에 따라서는 집중력 저하 및 자세 불편감 등을 호소 할수도 있습니다.
그리고 만약 측만증을 치료 하기를 바라신다면 조기에 치료 할것을 저희는 권해 드리고 있습니다.
성장기 청소년의 경우 측만증 수정 등이 성인의 경우 보다는 수월 할수 있다는 점을 생각 하시면 될것으로 사료 됩니다.
측만증 치료 여부는 환자와 보호자의 판단에 따라 결정 하시면 될것이며 만약 치료를 시행한다면 환자본인의 엄청난 노력이 동반됨을 기억 하시면 될것 입니다.
만약 검사를 원하신다면 병원으로 전화 주시여 예약을 하시길 부탁 드립니다.
문의전화 : 051-714-1831
내원전 예약 필수(초진 예약 가능합니다.)",http://xn--od1b68l0cz88csgeeoi.com/bbs/board.php?bo_table=online&wr_id=255&page=11,관리자,08-22
"팔저림이 자주 발생하는데 몸에 이상없는 건가요?  ㅡ.,ㅡ",,"팔저림이 자주 발생하는데 문제 없는 건지....
계속 발생하는건 아닌데 일주일에 1~2번 정도 팔저림이 생기는데
팔저림이 생기면 일하는데 좀 불편해서요
이런 증상도 치료 가능한가요?",http://xn--od1b68l0cz88csgeeoi.com/bbs/board.php?bo_table=online&wr_id=250&page=11,박선화,08-18,"안녕하세요 온누리통증의원 입니다.
팔저림에 관하여 문의를 주셨는데 팔저림이 계속 된다면 필해 병원일 방문 하시여 진단을 받아 보시길 바랍니다.
흔히 팔저림이 생길수 있으나 일시적으로 생겼다가 없어지는 경우가 많이 있습니다.
이는 대부분 일시적으로 목의 신경이 눌러져서 생기는 경우가 대부분인데 앞서 말씀드렸듯 대부분 일시적으로 발생 후 사라집니다.
하지만 환자분의 경우 팔저림이 반복적으로 발생하고 있는바 이는 병원에 방문하시여 진단 검사를 받아 보시는 것이 좋을듯 합니다.
계속적 이며 반복적인 경우 차후 더 큰 병으로 발전할수 있다고 보아지는바  빠른 시일내로 병원에 방문하시여 검사를 받아 볼것을 권해드립니다.
만약 목 디스크 진단을 받으신다면 꼭 수술을 해야 하는 경우가 아닐수도 있으니 혹시 방문하신 병원에서 수술을 권할경우 여러 병원의 의견을
들어 보고 결정 하는것도 하나의 방법일수 있음을 명심하시고 검사를 진행해 볼것을 권해 드립니다.
충분한 답변이 되었기를 바랍니다.
문의전화 : 051-714-1831
내원전 예약 부탁 드립니다.(초진 예약 가능합니다.)",http://xn--od1b68l0cz88csgeeoi.com/bbs/board.php?bo_table=online&wr_id=254&page=11,관리자,08-22
두통이 계속 지속되는데 치료 가능한가요?,,"안녕하세요
다름이 아니라 제가 계속 두통이 발생하는데 어떻게 해야 할까요?
약을 먹어도 그날만 좀 참을만 하고 다음날 또 두통에 시달리고 있는데 어디로 가서 어떻게 치료를 해야 할지 모르겠어요
약을 계속 먹어도 되는지 아니면 머리쪽 검사를 받아 봐야 하는지 모르겠어요?
두통을 달고 살고 있으니 일상 생활에도 지장이 있고 계속 짜증만 나는것 같네요
두통 치료도 가능할까요?",http://xn--od1b68l0cz88csgeeoi.com/bbs/board.php?bo_table=online&wr_id=249&page=11,창원,08-18,"안녕하세요 온누리통증의원 입니다.
문의 주신 내용을 살펴보니 주기적이 두통으로 많이 불편하신드 사여 답변 드립니다.
우선 두통의 경우 아주 특별한 경우가 아니라면 치료가 가능 합니다. 단, 두통을 장기적 또는 주기적으로 격고 계신다면
우선 목 치료를 함께 병행 하시길 권해 드립니다.
대부분의 두통은 목 근육 상태가 않좋은 경우 많이 발생하며 목 근육의 높은 긴장도에 의하여 두통을 호소(동반)하는 경우가 많이 있습니다.
목 근육의 긴장도를 낮추는 스트레칭 또는 간단한 마시지 등을 해보시고 제일 좋은것은 환자분의 일상 생활 습관 또는 일하시는 환경을 조금
개선해 볼것을 권해드리며 제일 정확한 방법은 병원을 찾아 두통의 원인을 찾아 해결하시는것을 권해 드립니다.
또한 계속적인 약을 복용할시 약에 대한 내성이 생겨 더 많은 약을 찾게 되고 점점더 강한 약을 찾아 드실수도 있으니 우선은
병원에 내원하시여 상담을 받아 볼것을 권해 드립니다.
충분한 답변이 되었기를 바랍니다.
문의전화 : 051-714-1831
내원 전 예약 부탁 드립니다.(초진 예약 가능합니다.)",http://xn--od1b68l0cz88csgeeoi.com/bbs/board.php?bo_table=online&wr_id=253&page=11,관리자,08-22
성장 치료 하시나요?,,"홈페이지에 성장 클리닉 치료가 있던데
성장 치료하시는거 맞으시죠
성장 치료는 어떻게 하는건가요?
혹시 호르몬 치료 같은건가요?",http://xn--od1b68l0cz88csgeeoi.com/bbs/board.php?bo_table=online&wr_id=247&page=11,시윤,08-12,"안녕하세요 온누리통증의원 입니다.
문의 주신 내용이 성장 클리닉 관련 질문인듯 하여 이와 관련 하여 답변 드리겠습니다.
우선 저희 병원에서는 호르몬 치료(주사)는 하지 않습니다.
성장 호르몬 치료의 경우 여러가지 검사를 거처 그 결과에 따라 처방을 하곳이 있으나 저희 병원에서는 호르몬 치료는 하지 않음을 알려 드리며
저희 병원에서 시행하고 있는 성장관련 치료의 경우 환자분들의 체형 운동성등 전반적인 것을 측정 검사 후 그에 맞는 치료를 시행하고 있습니다.
성장기 청소년들의 건강한 성장을 위하여 성장판을 자극하는 여러 운동들을 시행하여 근육을 이완시켜 성장에 도움을 주는 도수치료도 함께 시행하게 됩니다.
성장판 자극 운동의 경우 환자분들의 상태등을 종합적으로 고려 하여 선택 치료를 함으로 어떠한 치료를 하는지 정확히 말씀드리기 어려울듯 합니다.
좀더 자세한 치료방법을 원하실 경우 내원 하시여 원장님과 상담할것을 권해드립니다.
예약문의 : 051-714-1831
내원 전 예약 부탁드립니다.(신환예약 가능합니다.)",http://xn--od1b68l0cz88csgeeoi.com/bbs/board.php?bo_table=online&wr_id=248&page=11,관리자,08-16
측만증 문의,,"측만증 치료에 관해서 문의 하는데요
혹시 성인 측만증도 치료 가능한가요?
다른 곳에서 치료를 받고 있는데 썩 나아 지는 것 같지 않아서요
여기 병원에서는 어떻게 치료를 하고 비용은 얼마 인지 궁금합니다.",http://xn--od1b68l0cz88csgeeoi.com/bbs/board.php?bo_table=online&wr_id=212&page=13,김창원,10-12,"안녕하세요 온누리통증의원 입니다.
우선 문의 하신 성인 측만증의 경우 측만증 자체가 나아지는 경우는 극히 드문일입니다.
물론 나아지는 경우도 있기는 하나 이는 환자 본인의 많은 노력(생활 습관, 운동 기타 등등)으로 개선이 가능합니다.
하지만 측만증 자체를 완전히 고치기에는 많은 시간과 노력이 수반 되어야 할것으로 사료 됩니다.
저희 병원에서는 성인 측만증의 경우 측만증이 나아지는 것 보다는 측만증에 의해 발생할수 있는 또는
발생하고 있는 통증을 개선 하고 앞으로 나타 날수 있는 통증을 미연에 방지하고자 노력 하고 있습니다.
성인 측만증의 경우 측만증 개선 시기가 많이 늦은 경우가 대부분인 관계로 이렇게 설명을 드립니다.
우선 본인의 상태를 정확히 알기 위해 저희 병원에 내원 하시여 검사를 진행 할것을 권해 드립니다.
치료 비용 또한 환자분들의 상태에 따라 치료 방법과 방향이 각기 다르므로 자세한 설명은 어려운점 양해 바랍니다.
혹시 문의 사항이 있으시다면 아래 번호로 연락 주시면 상담 가능 합니다.
051-714-1831
내원전 예약 부탁 드립니다.
(초진 예약 가능 합니다.)
- 감사합니다.-",http://xn--od1b68l0cz88csgeeoi.com/bbs/board.php?bo_table=online&wr_id=213&page=13,관리자,10-13
아이가 다리가 아프다고하는데 병원에 가야 할까요?,,"안녕하세요
초등학생을 키우고 있는 아이 엄마 입니다.
요즘 아이가 다리가 자주 아프다고 하는데 병원에 가야할지
주위에서는 성장통이다.
그러다 괜찮아진다.
병원에 가봐라 가는게 좋다 등등...
결정을 못하겠는데 병원에 가보는게 좋을까요?",http://xn--od1b68l0cz88csgeeoi.com/bbs/board.php?bo_table=online&wr_id=240&page=11,나래 엄마,08-09,"안녕하세요 온누리통증의원 입니다.
아이가 아파다고 하면 걱정이 많이 되는건 당연하겠죠
우선 아이가 초등학생이라고 하시니 일반적인 통증을 말씀 드리겠습니다.
보통 성장통이라고 하면 무릎, 발목 등의 관절의 통증을 호소하는 경우가 많으며 다리자체가 아파다고 하는 경우는 많지 않습니다.
우선 아이의 다리가 아픈 원인을 찾는것이 좋을듯 한데 무리한 활동(운동 또는 친구와의 놀이)에서 찾아 보시는 것이 좋을듯 합니다.
위와 같이 무리한 활동을 하지 않았는데도 다리가 반복적으로 아프다면 병원에 내원 하시여 원인을 찾아보시길 권해 드립니다.
다리가 아픈 경우의 수는 많으므로 원장님과의 문진을 통하여 정확한 원인을 찾아 치료해 볼것을 권해드립니다.
충분한 답변이 되었기를 바랍니다.
예약문의 : 051-714-1831
내원전 예약 부탁드립니다.(신환 예약 가능합니다.)",http://xn--od1b68l0cz88csgeeoi.com/bbs/board.php?bo_table=online&wr_id=245&page=11,관리자,08-12
스테로이드 사용 문의,,"혹시 치료시에 스테로이드를 사용 하나요?
주위에서 스테로이드 사용 부작용을 하도 많이 들어서
제가 어깨가 아픈데 누구는 스테로이드를 맞아도 된다
스테로이드 말고 치료 하는게 좋다
어떤게 좋은지 모르겠는데 일단 스테로이드 안쓰는 곳으로 알아 보고 있어서요
스테로이드 없이 어떻게 치료를 하는지도 궁금합니다.",http://xn--od1b68l0cz88csgeeoi.com/bbs/board.php?bo_table=online&wr_id=239&page=11,하종학,08-09,"안녕하세요 온누리통증의원 입니다.
우선 저희 병원은 스테로이드 약제를 사용하지 않고 있으나 극히 일부 제한적으로 사용은 할수 있습니다.
스테로이드의 경우 잘사용 하면 아주 좋은 약이나 잘못 사용할 경우 여라가지 합병증을 발생시키고 있어
저희 의원에서는 극히 제한적인 경우에만 사용하고 있습니다.
(제한적 : 환자분께서 원하실경우 또는 원장님 판단에 어쩔수 없는 경우 등)
스테로이 없이 치료하는 방법은 여러가지가 있으며 이는 환자분의 상태에 따라 원장님의 판단에 의해서 결정 됩니다.
저희는 프롤러테라피등의 방법, 고강도레이져 치료, 도수치료, 물리치료 등의 방법으로 환자분들의 통증을 경감시켜 드리고자 노력 하고 있습니다.
글 만으로는 환자분의 상태를 정확히 알수 없으니 내원하시여 원장님 진료를 권해 드립니다.
문의 주신 분의 궁금증인 스테로이는 사용하지 않고 치료 가능 하오니 참고 하시기 바랍니다.
예약문의 : 051-714-1831
내원전 예약 부탁 드립니다.(신환 예약 가능합니다.)",http://xn--od1b68l0cz88csgeeoi.com/bbs/board.php?bo_table=online&wr_id=244&page=11,관리자,08-09
손목 통증 문의,,"안녕하세요
제가 손목 통증으로 요즘 고생하고 있는데 치료를 받고 싶은데요
이 병원에서는 어떤 치료를 하는지 궁금합니다.
혹시 비용도 알수 있을까요?",http://xn--od1b68l0cz88csgeeoi.com/bbs/board.php?bo_table=online&wr_id=238&page=11,박성화,08-09,"안녕하세요 온누리 통증의원 입니다.
손목 통증의 경우 여러가지 원인에서 발생하는데 가장 대표적으로
잦은 사용 또는 무리한 사용으로 인한 손목관절 염증에 의한 통증과 신경 부종으로 인한 통증이
가장 대표적으로 발생하는 통증으로 생각 됩니다.
우선 환자분의 통증원인을 찾는것이 가장 중요하며 그 원인에 따라 치료 방법이 달라지게 됩니다.
우선 가장 대표적인 것이 주사치료 이며 경우에 따라서는 체외충격파 또는 고강도 레이져 치료 등을 하게 되며
물리치료를 병행 하게 됩니다.
치료 비용은 어떤 치료를 어떻게 받느냐에 따라 차이가 발생하므로 ""손목 통증은 얼마입니다"" 라고 말씀드리기 어려울듯 합니다.
좀더 자세한 상태 및 치료를 위해서는 내원하시여 원장님과 상담해 보실것을 권해 드립니다.
예약 문의 : 051-714-1831
내원전 예약은 필수(신환 예약 가능합니다.)",http://xn--od1b68l0cz88csgeeoi.com/bbs/board.php?bo_table=online&wr_id=243&page=11,관리자,08-09
특수검진 프로그램이 실비가 되나요?,,"안녕하세요
초등학교 5학년 자녀를 둔 부모입니다.
홈페이지에 보니 특수검진 이란것을 하시던데 혹시 이 검진 프로그램이 실비가 되는건가요?
실비 적용이 된다면 검진 비용은 얼마 인가요?",http://xn--od1b68l0cz88csgeeoi.com/bbs/board.php?bo_table=online&wr_id=237&page=12,승윤이 엄마,08-09,"안녕하세요 온누리통증의원 입니다.
초등학교 5학년 학부모님 이시군요 ^^
우선 결론부터 말씀 드리자면 검진프로그램 중에 '동장분석' 장비를 이용하여
환자분들의 동작 / 검음걸이를 보는 장비가 있습니다.
이것으로 '동작분석' 이란 항목으로 실손보험(실비)를 청구 하시면 됩니다.
단, 가입되어 있는 보험상품(실비보험) 약관을 잘 확인 하시여 위 항목에 청구 가능 여부를
가입하신 보험 회사 측으로 사전에 문의 하시면 될것으로 사료 됩니다.
검진 비용은 15만원으로 '동작분석' 항목에 모든 검진 항목이 포함 되어 있음을 알려드립니다.
충분한 답변이 되었기를 바라며
예약 문의 : 051-714-1831
내원전 예약 부탁 드립니다.(신환 예약 가능합니다.)",http://xn--od1b68l0cz88csgeeoi.com/bbs/board.php?bo_table=online&wr_id=242&page=12,관리자,08-09
감기약 처방 가능 한가요?,,"혹시 감기약도 처방 가능한가요?
이병원 진료 시간을 보니 늦게 까지 하시는거 같은데..
제가 직장을 다니다 보니 늦게 마치는 경우가 많아서 그러는데
감기약 같은 것두 처방이 가능한가요?",http://xn--od1b68l0cz88csgeeoi.com/bbs/board.php?bo_table=online&wr_id=235&page=12,오진미,08-08,"안녕하세요 온누리통증의원 입니다.
네 감기약 처방 가능합니다.
증상에 따른 약들을 처방 가능하며 미리 예약 하심다면 원장님 퇴근 전에 진료 가능 합니다.
병원에 전화하시여 감기약 처방 만을 원한다고 미리 말씀 하시면 원장님 진료 후 처방전 발행이 가능 합니다.
병원 진료 시간은 09:30 부터 19:00 까지 이므로 참고 하시며 되구요
051-714-1831 번호로 문의 주시면 됩니다.",http://xn--od1b68l0cz88csgeeoi.com/bbs/board.php?bo_table=online&wr_id=236&page=12,관리자,08-08
허리 치료 가능한가요,,"최근들어 허리가 자주 아픈데 치료 가능 할까요?
예전에는 아파도 하루 정도 지나면 괜찮아 졌는데 지금은 자주 통증이 있습니다.
사무실에서 근무 하는 사람인데 허리가 이렇게 아프니 불편해서
치료 비용과 치료 방법을 알고 싶은데 가능할까요?",http://xn--od1b68l0cz88csgeeoi.com/bbs/board.php?bo_table=online&wr_id=233&page=12,성훈,08-08,"안녕하세요 온누리통증의원 입니다.
허리가 아파서 일을 하시는데 불편함을 느끼신다고...
네 물론 치료는 가능합니다.
우선 치료 방법을 말씀 드리자면 허리 통증의 경우 여러가지 치료 방법을 사용 하고 있습니다.
가장 대표적인 방법이 주사 약물 치료로 가장 통상적으로 사용 되는 방법입니다만...
우선 가장 고려 하여야 하는 사항으로 환자분의 상태 입니다.
환자분의 상태 즉 통증의 발생 원인, 통증의 형태 등 여러가지를 고려 하여 치료를 진행하게 됩니다.
앞서 말씀드린 주사치료 이외 체외충격파 치료 및 도수치료, 물리치료등 다양한 형태로 치료를 하게 됩니다.
경우에 따라서는 고강도 레이져 치료를 병행 하기도 하며 치료 비용은 어떤 치료를 하느냐에 따라 치료 비용이 측정 됩니다.
허리 통증이 발생하는 가장 일반적인 것은 허리 근육 뭉침, 허리 근육의 약화, 허리 디스크 등의 다양한 형태로 인하여 통증이 발생할수 있으므로
병원에 내원하시여 정확한 진단을 받아 보시고 치료를 진행 해 볼것을 권해 드립니다.
예약문의 : 051-714-1831
내원전 필히 예약 부탁 드립니다.(신환 예약 가능 합니다.)",http://xn--od1b68l0cz88csgeeoi.com/bbs/board.php?bo_table=online&wr_id=234&page=12,관리자,08-08
얼마전 부터 팔이 저린데 치료 가능한가요?,,"안녕하세요
다름이 아니라 몇일 전부터 어머니가 팔이 저린다고 하시는데 치료 가능한가요
어머니가 팔이 저린다고 하신지는 몇번 들었는데 별일 아니라고 생각 하다가 이것도 치료가 가능한지 궁금해서....
어머니는 혈액 순환이 안되는거 같다라고 하시는데 맞는건지 혈액 순환이 안돼면 팔이 저릴수 있는건가요?
치료가 필요하 한지?  필요하다면 어떻게 치료를 하는지 궁금합니다.",http://xn--od1b68l0cz88csgeeoi.com/bbs/board.php?bo_table=online&wr_id=231&page=12,김정화,08-05,"안녕하세요 온누리통증의원 입니다.
어머님께서 팔이 저린다고 자주 말씀하시는지...
음... 일단 어머님의 팔이 저린 이유는 적어 주신 글 만으로는 정확하게 알수 없습니다만...
통상적으로 팔이 져린다고 병원에 오시는 분들의 경우 혈액 순환 장애로 팔이 져린 경우는 자주 일어나는 것은 아닙니다.
대게 팔이 져린 경우는 목 신경이 누려지는 경우가 대부분인데 통상적으로 목 디스크 라고들 많이 이야기를 합니다.
물론 문의 주신 분의 경우 정확한 상태 확인이 필요하겠으나
만약 목 디스크라고 판단 된다고 해서 무조건 적으로 수술을 하는 것이 아니라 목의 신경을 자극 하고 있는 이유를 찾아 치료 하게 되는데
통상적으로 신경차단술이라고 명명 되는 시술을 시행하게 됩니다.
시술이라고 해서 거창한것은 아니고 목의 신경관에 주사를 맞으시는 것 만으로도 증상을 호전 시킬수 있습니다.
목 디스크가 아닌경우에도 팔이 져릴수 있는데 이 또한 목 디스크 까지는 아니더라도 목 상태가 좋지 않을 경우 팔저림 증상이 나타 날수 있습니다.
우선 목 근육 및 목 주변 근육을 마사지해 보시고 그래도 같은 증상이 계속 반복된다면  내원 하시여 상담 및 검사를 진행해 보시길 권해 드립니다.
충분한 답변이 되었기를 바라며 이만 마치겠습니다.
예약상담 : 051-714-1831
내원전 예약 부탁 드립니다.(신환 예약 가능 합니다.)",http://xn--od1b68l0cz88csgeeoi.com/bbs/board.php?bo_table=online&wr_id=232&page=12,관리자,08-05
측만증 센타에서 어떤 치료를 진행 하시는지 궁금합니다.,,"측만증 센타라고 있던데
이곳에서는 어떤 치료를 진행 하는지 궁금 합니다.
측만증이 치료 가능한지도 궁금한데
답변 가능할까요?",http://xn--od1b68l0cz88csgeeoi.com/bbs/board.php?bo_table=online&wr_id=228&page=12,박지은,08-05,"안녕하세요 온누리통증의원 입니다.
우선 저희 센타에서는 운동기능 향상 및 환자분들에게 필요한 근육 강화 운동, 도수치료, 여러 의료기기를 통한 치료를 진행하고 있습니다.
필라테스의 일부를 착안하여 운동기능을 향상 시키는 부분도 포함하고 있습니다.
측만증의 치료 여부는 본인의 의지와 평소 생활환경(습관) 수정에 따라 치료 효과가 차이가 나타 납니다.
문의 주신 분이 성인 이라면 측만증 개선 보다는 통증 조절 및 통증 예방 운동을 권해 드리면
성장기 청소년의 경우라면 적극적인 치료를 권해 드립니다.
저희 답변이 도움이 되셨으면 하며 이만 줄이겠습니다.
더 자세한 설명을 듣기 원하신다면 내원 하시길 부탁 드립니다.
예약 전화번호 : 051-714-1831
내원 전 예약 부탁 드립니다.(신환 예약 가능합니다.)",http://xn--od1b68l0cz88csgeeoi.com/bbs/board.php?bo_table=online&wr_id=230&page=12,관리자,08-05
특수검진,,특수검짐 검사 실비도 가능한가요?,http://xn--od1b68l0cz88csgeeoi.com/bbs/board.php?bo_table=online&wr_id=224&page=12,이명철,07-03,"> 
 > 
 > 특수검짐 검사 실비도 가능한가요?
 > 
 >
안녕하세요 온누리마취통증의원 입니다.
문의 하신 특수 검진 이라는 것이 저희 병원에서 시행하고 있는 특수검진 프로그램을 말씀 하시는 거라면
우선 가입 되어있는 보험사에 문의가 필요할듯 합니다.
정확한 상담은 전화 문의 또는 내원 하시면 보다 정확한 내용을 알수 있으실듯 합니다.
상담 전화 : 051-714-1831
내원시 예약 필수 (초진 예약 가능)",http://xn--od1b68l0cz88csgeeoi.com/bbs/board.php?bo_table=online&wr_id=225&page=12,관리자,07-04
Dna주사 맞으러 가려구합니다,,Content not found.,http://xn--od1b68l0cz88csgeeoi.com/bbs/board.php?bo_table=online&wr_id=222&page=12,홍국환,04-17,Content not found.,http://xn--od1b68l0cz88csgeeoi.com/bbs/board.php?bo_table=online&wr_id=223&page=13,관리자,04-22
특수 검진 프로그램이란게 뭔가요?,,"안녕하세요 홈페이지에 나와 있는 검진프로그램 보고 연락 드렸는데요
어떤 목적? 어떤 검진을 하는지 자세히 모르겠어요
아이가 측만증? 은 아닌듯 한데 생활하는데 간혹 통증을 호소 하기도 하고
여기 저기 아파다고 하기도 하고....
저도 계속 적인 통증은 없는데 간혹 아프다 말고 하는게 있는데 이런경우 검진을 받아 봐야 하는지요?
비용은 얼마 인지도 궁금 합니다.
자세한 설명 부탁 드립니다.",http://xn--od1b68l0cz88csgeeoi.com/bbs/board.php?bo_table=online&wr_id=220&page=13,이윤미,11-11,"네 안녕하세요 온누리통증의원입니다.
우선 저희 홈페이지를 방문해 주셔서 감사하구요
검진 프로그램이 궁금 하신듯 한데 일단 비용일 말씀드리면
소아 청소년의 경우 15만원 정도 이고요  성인의 경우 20만원 ~ 25만원 정도 입니다.
음~~~ 검진 프로그램을 설명드리자면  우선 정확한 체형(X-ray 등) 검사를 통하여 현재 환바분의 상태을 확인 하고
여러 검사 장비를 통하여 신체 발란스, 운도기능성, 인바디검사, 등을 통화여 화자분의 근골격계 평가를 진행하여
환자분의 상태를 정확히 진단하여 치료 방향 및 치료 방법을 찾아 치료를 하는것을 목적으로 합니다.
계속적인 통증이 아닌 특정 부위의 반복적인 통증은 원인을 찾아 치료를 하지 않을경우 만성통증으로 발전 할수 있으며,
만성통증의 경우 치료 시간 및 비용이 많이 발생 할수 있습니다.
이런 반복적인 통증 또는 원인모를 통증을 치료 하고자 시행하는 것이 저희 병원에서 시행하고 있는 검진 프로그램입니다.
자녀분과 문의주신 본인의 통증 같은 경우 계속적인 같은 부위의 통증이 발생 하는것을 평소 생활 습관 또는 자세에서 오는 통증이
많을것으로 판단 되는바 검진을 통화여 통증의 원인을 찾고 치료하는것을 권해 드립니다.
내원전 예약은 필수 입니다.
검진의 경우 소아청소년/성인 모두 1시간 정도 검진 시간이 소요되며, 예약없이 내원시 검진이 불가 할수 있습니다.
이점 참고하시여 내원전 예약 부탁 드립니다.
예약전화 : 051-714-18361(초진 예약 가능)",http://xn--od1b68l0cz88csgeeoi.com/bbs/board.php?bo_table=online&wr_id=221&page=13,관리자,11-11
측만증 치료 가능 한가요?,,"측만증 치료 가능 한가요?
어떤 사람은 치료가 안된다고 하고 어떤 분은 치료 하면 된다고 하고
잘모르겠어요
치료를 안하면 어떻게 되나요?",http://xn--od1b68l0cz88csgeeoi.com/bbs/board.php?bo_table=online&wr_id=33&page=24,선진,11-06,"안녕하세요
우선 측만증 치료는 음....^^
시기가 무엇보다 중요 합니다.
자녀 분이라면 빠른시간안에 치료를 할것을 권해 드립니다.
측만증 치료는 무엇보다 시기가 중요합니다.
치료 시작은 언제 하느냐에 따라 바른 척추를 가질수도 있습니다.
물론 성인 측만증 또한 치료가 가능하나 소아 보다는 많은 노력을 필요로 합니다.
결론 적으로 말씀드리자면 측만증 치료는 가능 합니다.
(물론 본인의 의지와 많은 노력이 필요 합니다.)
저희 병원은 일시적인 측만증 치료를 생각하지 않습니다.
영구적이고 재발이 없는 치료를 지향하고 있습니다.",http://xn--od1b68l0cz88csgeeoi.com/bbs/board.php?bo_table=online&wr_id=34&page=25,관리자,11-06
등에서 허리까지 통증이 있어요,,"등에서 부터 허리까지 아파서 문의 드립니다.
병원을 여러 번 다녀 보고 옴겨도 봤는데 등에서 허리까지 통증이 반복 적으로 발생 하네요 ㅠ.ㅠ
어떻게 치료를 해야 하는지 이 병원에서는 어떻게 치료를 하는지 알고 싶습니다.",http://xn--od1b68l0cz88csgeeoi.com/bbs/board.php?bo_table=online&wr_id=216&page=13,시원한 바람,11-03,"안녕하세요 온누리통증의원 입니다.
우선 통증이 나타 나는 부위 설명이 자세 하지 않아 뭐라고 설명 드려야 할지..
음.. 통상적으로 말씀 드리자면 등에서 부터 허리 까지 통증이 반복적으로 발생한다면
그 원인 부터 해결 해야 하지만 치료만을 설명 드리자면...
주사 치료 및 물리치료 만으로 나타나는 통증(증상)은 일시적으로 경감 시켜 드릴수 있을것으로 판단됨니다.
하지만 위에서 설명드린 치료는 일시적 또는 급성기 치료에는 효과를 보실수 있으나 만성적 또는 반복적으로
발생하는 통증은 완치가 힘들것으로 사료 됩니다.
우선 허리와 등 통증이 반복적으로 나타나는 경우 일상 생활에서의 환자분 자세에서 오는 경우가 많을것으로 사료 되며
반복적인 통증을 예방하기 위해서는 자세교정 등의 치료가 필요 할것으로 사료 됩니다.
자세한 설명 및 환자분 본인의 상태를 명확히 알고 싶으시면
저희 병원에 내원 하시여 원장님과 상담을 진행할것을 권해 드립니다.
내원전 예약을 필수 입니다.
초진 예약 가능 하오니 참고 하시기 바라면 아래 연락처로 예약 문의 하시면 됩니다.
연락처 : 051-714-1831
(초진 예약 가능)",http://xn--od1b68l0cz88csgeeoi.com/bbs/board.php?bo_table=online&wr_id=217&page=13,관리자,11-03
아이가 측만증 이라는데 어떻해요,,"저~~ 아이가 측만증이라고 하는데 치료를 꼭 해야 하나요?
특별히 아픈 곳이 있는건 아닌데요
측만증이 있다고 하니 찾아 보다 이렇게 연락 드립니다.
측만증 치료가 필요 하다면 왜 필요하죠?
아이가 아픈 것도 아닌데....
측만증이라고 한 병원에서는 치료를 하라고 하던데
치료를 해야 할지 말아야 할지...",http://xn--od1b68l0cz88csgeeoi.com/bbs/board.php?bo_table=online&wr_id=214&page=13,소윤 엄마,10-13,"안녕하세요 온누리통증의원 입니다.
우선 자녀 분이 측만증이라는 진단을 받으셨다니 놀라실수도 있겠네요
답변을 드리자면 흠~~~~ 글쎄요
측만증의 경우 성장기에 치료를 진행하시는 것을 권해 드리기는 합니다.
측만증은 치료 시기를 빨리 잡는것이 많은 도움을 줄수 있기 때문에 치료를 하시는것을 권해드리나
지금 현재 통증이 없다고는 하시나 측만증의 경우 시간이 경과 할수록 통증이 나타 나는 경우가 대부분 입니다.
측만증에 의해 나타나는 통증의 경우 허리, 어깨, 목 등의 통증을 대부분 호소하며 성장기 청소년의 경우 학업에도 영향을 미칠수 있습니다.
당장 측만증에 의한 통증은 없으나 차후 통증이 나타날수 있는 가능성이 높으므로 치료 시기를 놓치지 않기를 권해 드립니다.
혹시 저희 병원에서 치료 및 검사를 원하시면 아래 번호로 연락 주셔서 예약 부탁 드립니다.
051-714-1831
내원전 예약 부탁 드립니다.
(초진 예약 가능 합니다.)",http://xn--od1b68l0cz88csgeeoi.com/bbs/board.php?bo_table=online&wr_id=215&page=13,관리자,10-13
통증,,Content not found.,http://xn--od1b68l0cz88csgeeoi.com/bbs/board.php?bo_table=online&wr_id=210&page=13,신채미,07-21,Content not found.,http://xn--od1b68l0cz88csgeeoi.com/bbs/board.php?bo_table=online&wr_id=211&page=13,관리자,07-23
양발바닥힘줄염과 양측 바깥쪽 발목인대 염증,,Content not found.,http://xn--od1b68l0cz88csgeeoi.com/bbs/board.php?bo_table=online&wr_id=208&page=13,부산북구,06-11,Content not found.,http://xn--od1b68l0cz88csgeeoi.com/bbs/board.php?bo_table=online&wr_id=209&page=13,관리자,06-14
발바닥 통증,,"한달전부터 족저근막염 증상이 있었습니다
아치와 아치위로 안쪽 복사뼈기준으로 앞쪽라인으로
따끔함과 뭔가 열감이 느껴지고 합니다.
통증이 심해서 걷는게 힘듭니다.
이런경우 어떤 치료를 해야하는지요?",http://xn--od1b68l0cz88csgeeoi.com/bbs/board.php?bo_table=online&wr_id=206&page=14,차영임,05-26,"> 
 > 
 > 한달전부터 족저근막염 증상이 있었습니다
>  아치와 아치위로 안쪽 복사뼈기준으로 앞쪽라인으로
> 따끔함과 뭔가 열감이 느껴지고 합니다.
> 통증이 심해서 걷는게 힘듭니다.
>  이런경우 어떤 치료를 해야하는지요?
 > 
 >
안녕하세요 온누리통증의원입니다.
우선 족저근막염이라는 진단은 병원에 진단 받으신건지....
환자분이 말씀하신 진단명이 맞다는 가정하에 치료 방법을 설명드리자면
저희 병원에서는 초음파로 병변부위를 확인 후 주사치료(DNA 또는 프롤로) 등을 시행 하던지
체외충격파 치료를 하기도 합니다.
어떤 치료를 할지는 원장님께서 치료 부위를 보고 결정합니다.
족저근막염의 경우 우선 딱딱한 바닥의 신발은 피하시고 바닥이 푹신한 운동화를 신으시길 바랍니다.
혹시 병원에 내원할 예정이시라면 예약전화 부탁 드립니다.
예약없이 내원시 많은 대기시간이 소요될수 있습니다.
예약전화 : 051-714-1831 (신환 예약 가능)",http://xn--od1b68l0cz88csgeeoi.com/bbs/board.php?bo_table=online&wr_id=207&page=14,관리자,05-26
자세교정/체형교정/통증,,Content not found.,http://xn--od1b68l0cz88csgeeoi.com/bbs/board.php?bo_table=online&wr_id=204&page=14,ㅇ,05-11,Content not found.,http://xn--od1b68l0cz88csgeeoi.com/bbs/board.php?bo_table=online&wr_id=205&page=14,관리자,05-18
체형교정,,Content not found.,http://xn--od1b68l0cz88csgeeoi.com/bbs/board.php?bo_table=online&wr_id=202&page=14,현서,01-26,Content not found.,http://xn--od1b68l0cz88csgeeoi.com/bbs/board.php?bo_table=online&wr_id=203&page=14,관리자,01-26
햄스트링 통증,,Content not found.,http://xn--od1b68l0cz88csgeeoi.com/bbs/board.php?bo_table=online&wr_id=200&page=14,우흥기,01-17,"신체 어느 부위이든지 근육의 문제는 근육의 직접적인 손상이나 긴장도의 문제인 경우도  있지만 만성적인 문제의 경우는 근육 상호간의 움직임을 결정하는
근막의 문제로 진행되어 있을 경우가 많고 이 경우 근막의 경로와 병행하는 신경과 혈관 문제로 이어진 문제로 복합화되기 때문에 환자분처럼 검사 소견과는
동떨어진 통증과 불편감으로 이어지게 됩니다.
환자분의 전반적인 허리 골반과 하체 무릎등의 단순한 근육량이 아닌 균형과 근신경계의 기능적 부조화가 어떤 상태인지 알지 못하기 때문에 명확한 답은 불가능하지만
대퇴이두근쪽의 이러한 과신장은 골반 전방경사의 증가와 무릎의 내회전을 야기하는 장요근등의 과긴장과 단축으로 인한 보상 작용으로 생기는 경우가 많으면 이러한
불균형의 장기화는 본인 의지와 다른데 대둔근등의 후측 골반 근육과 대퇴이두근을 포함한 햄스트링 근육의 과신장과 이어서 근력 약화를 유발 시킵니다.
런지나 햄스트링 근육 스트레칭 운동 보다는 골반 안정화를 위한 운동이 필요해 보이며 이 또한 현재 상태에 따라 단계와 강도 조절이 잘되어야 할 것으로 보이고 안그래도 과신전된
근육을 신전시키는 형태의 운동이나 스트레칭은 잠시 시원하거나 통증이 줄 수 있지만 증상을 악화시킬 수 있습니다.
무릎 내회전 개선, 허리 골반 안정화와  운동 기능 회복이 환자분 증상의 완치를 위해 가장 중요해 보입니다.
환자분의 정확한 상태를 알 수 없기에 한계가 있음을 말씀드리고 도움이 되셨으면 좋겠습니다. 평상시보다 더한 통증은 냉찜질, 평소 수준의 긴장감은 너무 뜨겁지 않은 온찜질이 도움이 될 겁니다.",http://xn--od1b68l0cz88csgeeoi.com/bbs/board.php?bo_table=online&wr_id=201&page=14,관리자,01-18
발바닥 및 발가락 감각이 없어요.ㅠ,,"2월달때쯤부터 오래 걷고 발이 시려워서 그런줄 알고 놔뒀는데 지금까지 발바닥 윗쪽 중앙부위랑 발가락 두번째 세번째 엄지안쪽부위에마치 동상걸린것 처럼 감각이 무딥니다.
한의원이가서 2주 동안 침을 맞아도 나아지지 않네요
혹시 병원에 내원하면 치료 가능한지요?
어떤치료(검사) 받아야 하고 비용도 궁금합니다.",http://xn--od1b68l0cz88csgeeoi.com/bbs/board.php?bo_table=online&wr_id=197&page=14,한현성,12-01,"> 
 > 
 > 2월달때쯤부터 오래 걷고 발이 시려워서 그런줄 알고 놔뒀는데 지금까지 발바닥 윗쪽 중앙부위랑 발가락 두번째 세번째 엄지안쪽부위에마치 동상걸린것 처럼 감각이 무딥니다.
> 한의원이가서 2주 동안 침을 맞아도 나아지지 않네요
> 혹시 병원에 내원하면 치료 가능한지요?
> 어떤치료(검사) 받아야 하고 비용도 궁금합니다.
 > 
 >
답변이 늦었습니다.
발가락이나 발을 다친 적이 없는데 그리고 통증이나 열감이 동반되지 않는 상태에서 환자분과 같은 증상을 느끼는 가장 많은 이유는 발등이나 발가락에
존재하는 말초신경에 염증이나 부종 또는 부분적인 손상이 동반된 경우라 생각됩니다. 물론 환자 본인 인지하지 못하는 발의 인대나 관절의 손상에 의한
감각 이상, 혈관의 문제로 인한 감각 저하등으로 발생할 수도 있습니다.
검사는 의사의 이학적 검진의 소견에 따라 단순 방사선 검사, 근골격계 초음파 검사로 확인이 가능할 것으로 판단되며
치료 방법은 원인에 따라 여러 가지를 적용해야 하는 관계로 금액적인 부분이나 치료 방향을 현재의 환자분의 증상 표현만으로 정할 수는 없을 것 같습니다.
하지만 2개월 이상 지속되는 상기의 불편감이라면 이미 만성의 단계인 만큼 정확한 원인을 확인하고 바른 치료에 들어 가는게 좋을 것으로 판단됩니다.
감사합니다.",http://xn--od1b68l0cz88csgeeoi.com/bbs/board.php?bo_table=online&wr_id=198&page=14,관리자,12-07
오른쪽어깨 날개뼈 부근,,Content not found.,http://xn--od1b68l0cz88csgeeoi.com/bbs/board.php?bo_table=online&wr_id=195&page=14,박공주,11-08,Content not found.,http://xn--od1b68l0cz88csgeeoi.com/bbs/board.php?bo_table=online&wr_id=196&page=14,관리자,11-11
사각근증후군 문의드립니다~,,"사각는증후근 치료방법이 궁금합니다~
그리고 통증주사치료, 운동치료, 고주파, 체외충격파치료등 치료비용도 궁금합니다~",http://xn--od1b68l0cz88csgeeoi.com/bbs/board.php?bo_table=online&wr_id=193&page=14,도윤,09-18,"안녕하세요 온누리통증의원 입니다.
우선 사각근 증후근을 진단을 받으셨느지요?
환자분들의 상태 나이 성병등을 종합적으로 검토 후 치료 방향을 결정하여 치료를 진행할수 있습니다.
어떤 치료가 환자분의 상태에 가장 적합한지를 판단 하기에는 정보가 너무 부족하지여 정확한 답변을 드리기 어려운점 이해해 주시기 바라며
주사치료의 경우 저희 병원에서는 비스테로이트 치료를 하고 있습니다.
스테로이드를 사용하지 않기 때문에 더더욱 환자분의 현재 상태가 중요한데 아무런 정보가 없어서....
경우에 따라서 주사치료 및 체외충격파 치료를 병행하기도 하고 도수치료를 권해 드리기도 합니다.
어떤 치료가 환자분에게 적합한지를 판단하기 위해서 내원하여 원장님과 상담을 진행해 보시기를 권해드리며
주사치료는 사용하는 약물에 따라 금액이 정해 지므로 정확한 금액을 말씀드리기 어려운점 양해부탁드립니다.
부분도수치료의 경우 부위별 3만원에서 10만원 사이 비용이 발생하며 체외충겨파치료의 경우 또한 부위별 금액이 5만원에서 10만원 사이의 비용이 발생합니다.
고주파치료의 경우 부위별 5천원에서 1만원 사이의 비용이 발생합니다.
충분한 설명이 되었는지요?
우선 정확한 진단과 치료를 위해 내원하시여 원장님을 만나 보시는게 좋을듯 합니다.
감사합니다.",http://xn--od1b68l0cz88csgeeoi.com/bbs/board.php?bo_table=online&wr_id=194&page=14,관리자,09-22
연골 DNA주사,,Content not found.,http://xn--od1b68l0cz88csgeeoi.com/bbs/board.php?bo_table=online&wr_id=191&page=14,전승연,08-25,Content not found.,http://xn--od1b68l0cz88csgeeoi.com/bbs/board.php?bo_table=online&wr_id=192&page=15,관리자,08-25
척추분리증 전방전위증도 도수로치료가능한가요?,,"척주 분리증에 의한 전방전위증이 약간있다고
타병원에서 알게되었는데 지금 한달정도되었습니다 심한통증은 침상안정으로 괜찮아진거같은데 아직 오래안아있거나 장기간 걸으면 통증이있어욤ㅜ
이것두 도수치료로 가능한가요?
그리구 운동치료라는것은 실비가 안되는건가욤?",http://xn--od1b68l0cz88csgeeoi.com/bbs/board.php?bo_table=online&wr_id=189&page=15,전수경,08-12,"> 
 > 
 > 척주 분리증에 의한 전방전위증이 약간있다고
>  타병원에서 알게되었는데 지금 한달정도되었습니다 심한통증은 침상안정으로 괜찮아진거같은데 아직 오래안아있거나 장기간 걸으면 통증이있어욤ㅜ 
> 이것두 도수치료로 가능한가요?
> 그리구 운동치료라는것은 실비가 안되는건가욤?
 > 
 >
현재 환자분 연령대와 증상 정도가 명확하지 않고 척추분리증과 전방전위증의 정확한 부위도 알 수는 없는 상황이라
﻿
﻿치료 방법과 치료 방향성에 대해 환자분에 적절한 설명을 드리기에 제한점이 있습니다.
일반적으로 만성적인 허리 통증의 급성 악화와 진단상 수술이 요하지 않는 전방전위인 환자의 경우
통증에 대한 치료가 선행되어야 하기에 필요에 따라 신경 치료, 프롤로테라피, 체외나 힐트 레이저등의 물리 치료등으로 치료를 하고
통증이 심하지 않는 경우나 위에 언급한 치료를 통해 통증 양상의 안정화를 보이면 요추 부위의 문제뿐만 아니라 전체 척추에 대한 평가와
상하체 근골격계 전반의 평가를 바탕으로 롤핑(구조적 통합 치료)을 기본으로 한 도수 치료와 도수 치료 과정상의 진단으로 파악된
근골격계의 근력 및 운동 기능 문제에 대한 운동 도수 치료를 시행하게 됩니다.
질환에 의한 허리 통증과 전방전위증 치료에 대한 도수 치료는 실비 처리에 문제가 없습니다.
정확한 현재 상태에 대해서 내원 후 진찰과 치료 과정 설명을 받으시길 바랍니다.",http://xn--od1b68l0cz88csgeeoi.com/bbs/board.php?bo_table=online&wr_id=190&page=15,관리자,08-13
아이가 측만증이 있다고 하는데 치료 가능한가요?,,"아이가 계속 허리랑 등이 아프다고 해서 병원에가서 사진을 찍어 보니
특별히 이상이 있는곳은 없구 측만증이 있는거 같다고 그것때문에 아플수 있다고 하던데
여러 곳을 알아 보기는 했는데 여기가 특화병원 이라고 해서요
아이가 치료 가능 할런지 치료를 하게 되면 비용이나 치료 시간  방법은 어떻게 되는지 궁금합니다.",http://xn--od1b68l0cz88csgeeoi.com/bbs/board.php?bo_table=online&wr_id=187&page=15,나은,07-17,"안녕하세요 온누리 통증의원 입니다.
우선 자녀분의 나이가 어떻게 되는지 성장기가 끝이 났는지 등의 종합적인 환자분의 상태를 알아야합니다
측만증의 경우 성장기때 치료를 하는것이 가장 효과적입니다.
우선 고려하여야 하는 경우의 수가 많으므로 환자분을 직접 보지 않은 상태에서는 어떻다고
말씀드리기 어려울듯합니다.
저희 병원은 무조건 낫는데 할수 있다가 아닙니다.
측만증의 경우 저희 선생님들의 노력도 물론 필요 하지만 환자분 스스로의 노력 또한 필요하기 때문에
무조건 측만증이 개선 된다고는 말씀 드릴수 없습니다.
하지만 현재 측만증에 의해서 발생되고 있는것으로 판단되는 통증은 치료 가능 할듯합니다.
내원 하셔서 정확한 검사 및 상담을 진행 하시고 치료 여부를 결정 하시기 바랍니다.
비용은 15만원 ~20만원 정도 이며 1회 치료 비용입니다.
치료 방법은 환자분의 상태에 따라서 방법이 결정 되면 물리치료사 선생님과 1:1로 치료를 진행하며
1회 치료 시간은 1시간 정도 입니다.
충분한 답변이 되었으면 좋겠군요
혹시 내원 하실 계획이 있다면 내원전 예약 부탁 드립니다.
예약 없이 내원시 많은 대기시간이 소요될수 있습니다.
051-714-1831
신환 예약 가능 합니다.",http://xn--od1b68l0cz88csgeeoi.com/bbs/board.php?bo_table=online&wr_id=188&page=15,관리자,07-17
"손목 힘줄, 인대 염증",,"선생님 안녕하십니까
제가 오른손 척골쪽에 통증이 3개월이상 지속되어 mri를 찍어보았습니다.
tfcc 삼각 연골은 멀쩡하나 그 근처 힘줄과 인대에 염증이 생겼다고 합니다.
이것저것 찾아보다 힐트 레이저가 소염작용에 탁월하다는 소식을 듣고 부산에서 힐트 레이저치료를 잘하는 병원을 찾다 본 병원을 찾았습니다.
저의 경우에 내원을 하여 힐트치료나 혹은 다른 치료를 받는다면 염증제거, 통증제거가 가능할까요?
감사합니다",http://xn--od1b68l0cz88csgeeoi.com/bbs/board.php?bo_table=online&wr_id=185&page=15,민준,07-14,"> 
 > 
 > 선생님 안녕하십니까
> 제가 오른손 척골쪽에 통증이 3개월이상 지속되어 mri를 찍어보았습니다.
> tfcc 삼각 연골은 멀쩡하나 그 근처 힘줄과 인대에 염증이 생겼다고 합니다.
> 이것저것 찾아보다 힐트 레이저가 소염작용에 탁월하다는 소식을 듣고 부산에서 힐트 레이저치료를 잘하는 병원을 찾다 본 병원을 찾았습니다.
> 저의 경우에 내원을 하여 힐트치료나 혹은 다른 치료를 받는다면 염증제거, 통증제거가 가능할까요? 
> 감사합니다
 > 
 >
안녕하세요 온누리통증의원 입니다.
힐트 레이저치료를 받기 원하시는군요 ^^
물론 내원 하시여 원장님과 상담 후 언제든 힐트 레이져 치료는 가능 합니다.
다만 힐트 레이져 치료 전 원장님과의 충분한 상담을 통화여 더 좋은 치료 방법있는지
찾아 보고 더 좋은 치료를 방법을 찾아서 치료 하기를 바랍니다.
답변이 늦어 죄송합니다.
내원전 예약 전화 주시면 감사하겠습니다.
예약 없이 내원시 많은 대기 시간이 소요될수 있습니다.
051-714-1831
초진 예약 가능 합니다.
감사합니다.",http://xn--od1b68l0cz88csgeeoi.com/bbs/board.php?bo_table=online&wr_id=186&page=15,관리자,07-16
허리 도수치료 가능한가요?,,"현재 다른 병원에서 허리가 안파서 치료를 받고 있는데요
도수치료도 함께 받고 있습니다.
거리가 멀어서 집 근처 가까운 곳에서 치료를 받고 싶은데
혹시 여기서도 도수치료 하시는가요?",http://xn--od1b68l0cz88csgeeoi.com/bbs/board.php?bo_table=online&wr_id=183&page=15,박서원,06-18,"안녕하세요 온누리통증의원 입니다.
우선 허리가 아파다고 하시니 고생이 많으시겠네요
빠른 쾌유를 바랍니다.
답변을 드리자면 저희 병원에서도 도수치료는 가능합니다.
단, 원장님께서 진료를 통하여 상태를 확인 하시고 필요하다고 판단 되면
도수치료를 진행하게 됩니다.(환자분이 꼭 원하신다면 원장니과 상담때 말씀하시면 됩니다. ^^)
굳이 도수치료 까지 필요 없는데 진행하지는 않습니다.
필요에 따라서는 주사치료를 병행하여 병변부위를 치료 하므로 참고 하세요
혹시 내원하시게 된다면
예약은 필수 입니다.
051-714-1381
예약없이 내원시 많은 대기시간이 소요 될수 있습니다.",http://xn--od1b68l0cz88csgeeoi.com/bbs/board.php?bo_table=online&wr_id=184&page=15,관리자,06-18
측만증 치료 가능한가요? 가능하다면 어떤치료를 하시는지요?,,"측만증 치료 여부가 궁금합니다.
측만증을 가지고 있어서 여러 병원을 다녀 봐도 특별히 나아지는 경우가 없어서요
여기서는 측만증 치료를 어떤식으로 하는지 궁금합니다.
비용도 혹시 알려 주실수 있나요?",http://xn--od1b68l0cz88csgeeoi.com/bbs/board.php?bo_table=online&wr_id=181&page=15,은정,06-18,"안녕하세요 온누리통증의원입니다.
우선 측만증이 있다고 하시는데 현재 통증을 우발하고 있는지?
측만증의 각도나 상태가 어떤지?
그리고 나이가 어떻게 되시는지?
이 모든 상황을 저희가 알수 없어서 치료 여부를 말씀드리기가 어려울듯합니다.
하지만 말씀 드릴수 있는점은 현재 통증이 있다면 분명히 통증을 경감 또는 통증없이 생활 하시도록
도와드릴수 있다는점.
그리고 측만증의 경우 저희가 알려 드리는 자세 생활 습관 등 여러가지를 일상생활에서 얼마나 접목하여
노력하는지에 따라 측만증의 개선 여부가 결정됩니다.
또한 측만증의 경우 성장기가 끝나기 전에 치료를 하시는것이 가장 좋다는 점 또한 말씀 드리고 싶고
성장기가 끝난 성인의 경우 본인의 노력 여하에 따라 측만증 개선 여부가 결정됩니다.
비용은 성인과 청소년의 비용이 다르다는 점만 말씀 드릴수 있을듯합니다.
정확하고 자세한 설명을 원하심다면
본원에 내원 하시여 원장님 상담과 간단한 검사를 통하여 치료 여부를 결정 하시길 권해 드립니다.
본원 내원전 예약은 필수 입니다.
(신환 예약 가능)
051-714-1381
예약없이 내원시 많은 대기시간이 걸릴수 있습니다.
감사합니다.",http://xn--od1b68l0cz88csgeeoi.com/bbs/board.php?bo_table=online&wr_id=182&page=15,관리자,06-18
김영환 원장님 진료 하시나요?,,"김영환 원장님 진료 하고 계신가요
예전 부터 진료 받던 사람인데
옴기셨다고 해서요",http://xn--od1b68l0cz88csgeeoi.com/bbs/board.php?bo_table=online&wr_id=179&page=15,최연아,06-17,"안녕하세요  온누리통증의원 입니다.
네 김영환 원장님께서 진료 하고 계십니다.
예전 범일동 대한통증의원에서 진료 보시던 김영환 원장님께서
현재는 명륜동 온누리통증의원에서 진료 중에 있습니다.
혹시 진료를 원하신다면
예약 전화 먼저 주세요
예약자 우선 진료라 예약 없이 내원시 많이 기다릴수 있습니다.
예약전화
051-714-1831
(신환 예약 가능)
감사합니다.",http://xn--od1b68l0cz88csgeeoi.com/bbs/board.php?bo_table=online&wr_id=180&page=15,관리자,06-17
발가락이 아픈데 여기서 치료 가능 할까요?,,"걸어 다닐때 발가락이 아픈데요
치료 가능 할까요?
어느 병원에 가야 할지 모르겠네요
한의원에 가야 하는지 정형외과? 아님 여기 통증의원으로 가야 하는지 모르겠어요?",http://xn--od1b68l0cz88csgeeoi.com/bbs/board.php?bo_table=online&wr_id=176&page=15,정환,06-17,"안녕하세요 온누리통증의원 입니다.
발가락이 아프다고 하시는데....
일단 저희 병원에서 치료는 가능 합니다.
원장님과 상담 후 초음파를 통하여 병변을 진단 하고 필요에 따라서는
X-ray 를 통하여 아픈 부위의 병명을 판단하게 됩니다.
간단한 검사 후 주사치료 또는 레이져치료 와 물리치료를 통하여
통증을 경감시켜 완치를 목적으로 치료를 진행 합니다.
결론적으로 저희 병원에서 치료가 가능하오니 내원 하시여
원장님을 만나 보시길 권해드립니다.
내원전 예약은 필수 입니다.
051-714-1831
예약 없이 내원시 많은 대기 시간이 소요될수 있습니다.
(신환 예약 가능합니다.)
감사합니다.",http://xn--od1b68l0cz88csgeeoi.com/bbs/board.php?bo_table=online&wr_id=177&page=15,관리자,06-17
팔꿈치 통증이 있는데 어떤 치료를 하나요?,,"팔꿈치 통증으로 고생하고 있는 사람입니다.
한의원도 다녀 보고
다른 통증병원도 다녀 보고 했는데 그때 뿐이고 곧 다시 아파옵니다.
이 병원에서는 어떻게 치료 하는지 궁금합니다.",http://xn--od1b68l0cz88csgeeoi.com/bbs/board.php?bo_table=online&wr_id=174&page=16,상용,06-16,"안녕하세요 온누리통증의원 입니다.
팔꿈치가 아프다고 하시니 생활 하는데 많이 불편하시겠네요
우선 저희 병원에서는 환자분의 상태를 정확히 알기 위해서 원장님 상담 후
초음파 검사를 시행 하여 팔꿈치 상태를 먼저 확인한 후 치료 방향을 결정하게 되는데
상황에 따라 치료 방법은 여러 가지가 있습니다.
우선 주사치료로 흔히들 DNA 주사 라고 하는 치료를 하는 경우
프롤로테라피 치료를 하는경우 등 여러 가지 주사 치료 및
체외충격파를 이용한 치료를 병행하기도 합니다.
주사 또는 체외 충격파 치료 후 고강도레이져 치료 및 여러가지 물리치료를 진행하여
환자분의 병변을 치료 하고 있습니다.
궁금한 사항이 해결 되었는지....  ^^
혹시 저희 병원으로 내원을 원하신다면 예약은 필수입다.
051-714-1831
예약없이 내원시 많은 대기 시간이 걸릴수 있습니다.
감사합니다.",http://xn--od1b68l0cz88csgeeoi.com/bbs/board.php?bo_table=online&wr_id=175&page=16,관리자,06-16
두통이 자주 심하게 찾아온느데 치료 가능 할까요?,,"안녕하세요
20대 여자 이구요 평소에 두통을 달고 살다 시피 하고 있습니다.
어떤 경우에 찾아 오는건 아니구 아침에 일어나서 컨디션이 좀 별로라던가
잘 지내다가 오후에 갑자기 두통이 찾아 오곤합니다.
한번 찾아온 두통이 잘 잦아들지도 않고
약을 먹어야 겨우 진정되건것이
최근에는 약을 먹어도 별 효과가 없습니다.
혹시 이런 경우에도 치료가 가능할까요?",http://xn--od1b68l0cz88csgeeoi.com/bbs/board.php?bo_table=online&wr_id=172&page=16,순선,06-15,"안녕하세요 온누리통증의원 입니다.
우선 두통이 자주 찾아 오신다니 많이 힘드시겠네요
우선 두통의 경우 머리 속 음....  뇌 혈관 또는 뇌 자체의 문제일수도 있지만
20대의 젋은 분들의 경우라면 극히 드물것으로 판단되며
20대 젋은 분들의 대부분의 두통은 목에서 오는 문제 때문일 가능성이 매우 많습니다.
목의 구조적 문제(거북목, 일자목 등)로 인하여 목 근육의 긴장도가 높아지면서 머리 근육을 자극하여
두통이 찾아오는 경우
또는 스트레스로 인한 증상 등이 나타 나는 경우가 많이 있습니다.
대부분 목 근육의 문제로 두통을 호소 하는 경우가 많이 있으므로
평소 목근육을 풀어주는 스트레칭을 자주 해주시면 두통은 어느정도 예방 할수 있을것으로 판단됩니다. 만....
평소에 스트레칭을 자주 하여도 두통이 찾아 온다면 병원을 방문하시여 치료를 받아 볼것을 권해드립니다.
정확한 원인을 찾아서 근본적인 치료를 하여야 할듯하며  계속 약에 의존할경우  약의 의존도만 높아지는 결과를
초래할것으로 판단됩니다.
우선 내원하시여 원장님과 상담 후 정확한 검사를 진행 해볼것을 권해드립니다.
내원전 예약은 필수...
051-714-1831
예약없이 내원시 많은 대기시간이 걸릴수 있습니다.
감사합니다.",http://xn--od1b68l0cz88csgeeoi.com/bbs/board.php?bo_table=online&wr_id=173&page=16,관리자,06-15
몇일전부터 허리가 아픈데 치료 가능한가요?,,"몇일전부터 허리가 뻐근하고 하프더니
지금은 허리를 굽히는 동작에서 통증이 있습니다.
파스도 붙여 보고 한의원도 가봤는데 증상이 더 심해지는듯 합니다.
치료 가능할까요?
허리가 아프니 아무것도 못하겠네요",http://xn--od1b68l0cz88csgeeoi.com/bbs/board.php?bo_table=online&wr_id=170&page=16,철순,06-15,"안녕하세요 온누리 통증의원 입니다.
허리가 아프다고 하시니 많이 불편 하시겠네요
빨리 나으셔야 할텐데.....
허리가 아픈 원인이 있을텐데 원인을 찾지 못하고 계신듯 하네요
보통 허리가 아픈 경우는 자세가 않좋은 경우 많이 있구요
최근에 무리하게 허리 근력을 사용 하셨다던지  잘못된 자세로 인하여 디스크 또는 협착이 때문 일수 있습니다.
우선 저희 병원에서 치료는 가능하구요
치료 방법은 허리 근육을 직접적으로 풀어 주는 주사 요법과 물리치료
그리고 필요하다면 도수치료를 병행 하여 치료를 합니다.
간혹 필요 하다면 X-Ray 를 보면서 간단한 시술을 하여야 하는 경우도 종종 있습니다.
시술이라고 해서 겁을 내실건 없구요
최대한 안전하고 정확하게 주사를 하기위해 하는 주사치료 방법입니다.
위와 같이 여러가지 방법을 통하여 환자분의 증상을 호전 시켜드릴수 있을듯 합니다.
우선 내원하시여 정확한 진단을 받아 보시고 치료를 진행해 볼것을 권해드립니다.
내원 전 예약은 필수 입니다.
051-714-1831
예약없이 내원시 많이 기다릴수 있습니다.
감사합니다.",http://xn--od1b68l0cz88csgeeoi.com/bbs/board.php?bo_table=online&wr_id=171&page=16,관리자,06-15
턱관절통증,,Content not found.,http://xn--od1b68l0cz88csgeeoi.com/bbs/board.php?bo_table=online&wr_id=168&page=16,황희경,06-09,Content not found.,http://xn--od1b68l0cz88csgeeoi.com/bbs/board.php?bo_table=online&wr_id=169&page=16,관리자,06-15
대상포진 치료 가능 한가요?,,"어머님이 대상포진인거 같은데 혹시 치료 가능한가요?
인터넷으로 검색해보니 어머니에게 나타나는 증상이 대상포진 증상과 비슷한거 같은데
통증도 많이 있으신거 같구요
피부에 뭐가 나기도 해서요
대상포진도 치료 가능한가요?",http://xn--od1b68l0cz88csgeeoi.com/bbs/board.php?bo_table=online&wr_id=166&page=16,강성,05-26,"안녕하세요 온누리통증의원 입니다.
우선 어머님이 아프다고 하시는 걱정이 많으시겠네요
대상포진을 타 병원에서 진단을 받으신건 아니시고
자가 진단상 대상포진 같다는 말씀이시죠
저희 병원에서도 대상포진 치료는 가능합니다.
대상포진의 경우 피부 발진과 함께 통증을 함께 동반하는데
대상포진이라는 병을 오래도록 방치할경우 신경통 까지 번지는 경우가 많이 있습니다.
저희 병원에서는 대상포진 치료 및 대상포진으로 인한 신경통 까지 함께 치료를 진행합니다.
내원 하시여 원장님과 상담을 통하여 정확한 진단을 받아 보시고 치료를 진행할것을 권해 드립니다.
문의 주셔서 감사합니다.
예약은 필수 입니다.
예약 없이 내원시 많이 기다릴수 있습니다.
예약 문의 051-714-1831",http://xn--od1b68l0cz88csgeeoi.com/bbs/board.php?bo_table=online&wr_id=167&page=16,관리자,05-26
아이가 측만증이 있다고 하는데 치료 가능할까요?,,"아이가 대학병원에서 측만증이 있다고 진단 받았는데
대학병원에서는 뚜렷한 치료 방법이 없다고 하는데
여기 병원에서는 치료 가능한가요?
치료를 한다면 어떤 치료를 하는지 궁금합니다.
혹시 비용도 알수 있을까요?",http://xn--od1b68l0cz88csgeeoi.com/bbs/board.php?bo_table=online&wr_id=164&page=16,동래사는 엄마,05-26,"안녕하세요 온누리 통증의원 입니다.
우선 아이가 측만증이 있다고 진단 받으셔서 걱정이 많으시겠네요
혹시 아이가 통증을 호소 하고 있는지요?
측만증에 의한 통증이라면 아이의 경우 거의 나타나지 않아서요
측만증의 경우 보통 성장기가 끝나고 나서 통증이 나타나는 경우가 많이 있어서요.....
아무튼 결론적으로 말하자면 저희 병원에서는 측만증 특화 의원으로 측만증에 의한 통증
측만증 자체를 개선 시켜 드리기 위헤서 노력 하고 있습니다.
자녀 분의 상태를 정확히 알수 없어서 뭐라고 말씀드리기 어려운점이 많이 있네요
우선 내원 하셔서 간단한 X-ray 검사를 통하여 측만증 정도를 측정하고
치료 방향을 결정 하여야 할듯 합니다.
비용은 ^^;;;
내원 하시여 원장님과 상담을 통하여 알려 드릴수 있을듯 합니다.
정확한 진단과 상담을 위하여 내원 하시여 검사를 진행해 볼것을 권해 드립니다.
예약은 필수 입니다.
051-714-1831
예약 없이 내원시 많이 기다릴수 있습니다.
감사합니다.",http://xn--od1b68l0cz88csgeeoi.com/bbs/board.php?bo_table=online&wr_id=165&page=16,관리자,05-26
허리가 아프고 다리가 저린감이 있어요...  치료 가능 할까요?,,"평소에 조금만 걸어도 허리아래쪽이 아프고
가만히 있어도 다리가 저린감이 있어요
혈액 순환이 안돼서 그런가 하고 혈액 순환제를 사서 먹어도 봤는데 효과가 없어요
아는 지인분이 허리가 안좋으면 그럴수 있다고 하던데...
진짜 허리가 문제인지 궁금합니다.
다리저림이 치료 가능 한지도 궁금하구요
답변 부탁 드립니다.",http://xn--od1b68l0cz88csgeeoi.com/bbs/board.php?bo_table=online&wr_id=162&page=16,효선,05-21,"안녕하세요 온누리통증의원 입니다.
우선 조금만 걸어도 허리가 아파다고 하시는데
음......  우선 검사를 진행해 봐야 할듯 합니다.
대다수의 경우 조금만 걸어도 허리가 아픈 경우 허리의 구조적인 문제가 있을수 있습니다.
검사를 통하여 정확한 원인을 찾아서 치료할것을 권해드리며
다리가 저린다고 하시는데....
말씀하신데로 허리가 좋지 안으면 다리의 저림감이 올수 있습니다.
허리 디스크 또는 협착증응로 인하여 허리 신경이 눌리게 되면 다리의 저림 증상이 발생할수 있으며
저림감 뿐만 아니라 땡글림 또는 힘빠짐등의 증상이 나타 날수 있습니다.
저희 병원에서는 간단한 시술을 통하여 환자분께 나타나는 증상을 호전 시켜 드릴수 있을듯 합니다.
우선 내원 하시여 검사를 통하여 정확한 원인을 파악한 후 치료를 권해드립니다.
내원전 예약은 필수 입니다.
051-714-1831
예약 없이 내원시 많은 대기 시간이 소요될수 있습니다.",http://xn--od1b68l0cz88csgeeoi.com/bbs/board.php?bo_table=online&wr_id=163&page=16,관리자,05-21
발목이 안좋은데 치료 가능 할까요?,,"안녕하세요
발목이 아파서 여러 병원을 돌아다녀 봤는데요
최근에 프롤러치료도 받아 보구 해도 통 낮지를 않네요
주위에서 힐트? 치료를 받아 보라구 해서 문의 드립니다.
힐트 치료를 받으면 통증이 없어 질까요?
치료가능한지 문의 드립니다.",http://xn--od1b68l0cz88csgeeoi.com/bbs/board.php?bo_table=online&wr_id=160&page=16,서율맘,05-21,"안녕하세요 온누리통증의원 입니다.
우선 발목이 아프다고 하시니 생활 하는데 많이 불편 하시겠네요
빠른 쾌유를 바랍니다.
결론 부터 말하자면 힐트레이저 치료를 문의 하시는데 우선 고려 되어야 할것은 원장님과의 상담을 통화여
병변 부위에 정확한 원인을 파악한 후 치료를 할것을 권해드리며  굳이 힐트를 받아 보고 싶으시다면 원장님과 상의 후 가능 합니다.
하지만 당장의 통증은 잡을수 있을지라고 발목의 통증이 나타나는 원인을 찾아 보시는것도 좋을듯 합니다.
치료는 하는 하므로 언제는 내원 하시여 원장님과 상담을 해보세요 ^^
방문전 예약은 필수 입니다.
051-714-1831
예약없이 내원시 많이 기다릴수 있습니다.
이점 참고 하세요^^",http://xn--od1b68l0cz88csgeeoi.com/bbs/board.php?bo_table=online&wr_id=161&page=17,관리자,05-21
측만증 이라고 하는데 치료 받으면 나아 지나요?,,"검진을 통하여 측만증이 있다고 진단을 받았는데요
특별한 증상은 없구요
참고로 20대 중반 여성 입니다.
측만증 치료를 받아야 할지 그냥 있어도 되는지 궁금합니다.
현재 측만증 때문에 불편하다던가 어디가 아픈건 없는데 치료를 해야 할까요?",http://xn--od1b68l0cz88csgeeoi.com/bbs/board.php?bo_table=online&wr_id=157&page=17,은주,04-06,"안녕하세요 온누리통증의원 입니다.
우선 측만증있는데 증상은 없다  라는 말씀이시죠 ^^
측만증의 경우 대부분 비교적 젋은 분들 또는 운동을 많이 하신분들의 경우
증상이 없는 경우가 많구요
측만증이 심하신 경우 외형적으로 나타 나기도 합니다.
하지만 증상이 없는데 굳이 치료를 해야 하는지에 대해 궁금해 하는것 같은데
저희 병원 입장에서는 측만증 치료를 할것을 권해 드립니다.
현재는 증상이 없더라도 차 후 여러 가지 병으로 발전할수 있는 경우가 많이 있습니다.
다른 정상적인 척추를 가진 분들 보다 디스크 또는 협착이 빨리 찾아 오는 경우도 있도
무릎, 발바닦, 경후, 어깨 등으로 주기적 또는 만성으로 통증이 발생할수 있습니다.
증상이 없는 측만증의 경우 앞으로 나타날수 있는 병변을 예방하고 측만증을 개선 함으로 해서
앞으로 나타날수 있는 여러 가지 병을 또는 통증을 방지 한다고 생각하시면 됩니다.
측만증의 경우 증상이 나타나는 시기에는 치료가 더 힘들수 있습니다.
20대 중반이시라면 더더욱 치료를 권해 드립니다.
측만증 치료는 시기가 무엇보다 중요 하다는것 꼭 기억하시구요
만약 내원 하시여 상담을 원하신다면
예약 부탁 드립니다.
051-714-1831
초진 예약 가능 합니다.
감사합니다.",http://xn--od1b68l0cz88csgeeoi.com/bbs/board.php?bo_table=online&wr_id=158&page=17,관리자,04-06
또래 보다 키가 작아 걱정입니다.,,"초등학교 5학년 남아 아이를 키우고 있는 엄마 입니다.
아이가 또래 아이들 보다 키가 작아 고민입니다.
성장 크리닉도 진행 하고 있던데
어떤 치료를 하는지 궁금합니다.
아이의 키가 얼마까지 클지 알수도 있다고 하던데
어떻게 알수 있을까요?",http://xn--od1b68l0cz88csgeeoi.com/bbs/board.php?bo_table=online&wr_id=153&page=17,초5 남 엄마,04-01,"안녕하세요 온누리 통증의원입니다.
우선 초등학교 5학년의 남자아이 라면 곧 2차 성장기에 접어들 나이군요
저희 병원에서 예상 키 측정은 가능 합니다.
환자 키를 우선 측정 후 손목 과 상반신 전체의 X-ray 촬영 후 아이의 예상키를 예측 합니다.
저희 병원 성장 크리닉에서는 아이의 성장판을 자극하는 운동을 진행 하며
아이가 키가 클수 있도록 신체적인 자극을 통하여 아이의 성장에 도움을 주고 있습니다.
아이에게 필요한 근력 운동, 필요한 자세, 생활 습관 등을 종합적으로 판단하여 수정 보안하여
아이의 성장을 돋고 있습니다.
자세한 상담을 원하신다면 내원 하시여 원장님 상담을 권해 드립니다.
내원전 예약은 필수 입니다.
051-714-1831
초진 예약 가능 합니다.
감사합니다.",http://xn--od1b68l0cz88csgeeoi.com/bbs/board.php?bo_table=online&wr_id=154&page=17,관리자,04-01
측만증 치료로 키가 클수 있나요?,,"측만증 치료 만으로 키가 클수 있을까요?
고등학교 2학년 남자 아이 입니다.
측만증 진단을 받았는데 치료는 하지 않고 있습니다.
남자 아이인데 키가 170 정도 입니다.
혹시 측만증 치료를 받으면 키가 더 클수 있을까요?",http://xn--od1b68l0cz88csgeeoi.com/bbs/board.php?bo_table=online&wr_id=151&page=17,종일,03-31,"안녕하세요 온누리 통증의원 입니다.
우선 말씀 드릴수 있는것은 클수도 있고 아닐수도 있습니다.
고2 남자 아이라면 우선 X-ray 검사를 통하여 성장판이 얼마나 남아 있는지 검사가 우선 되어야 하며
측만증의 경우 아직 성장기 이므로 본인의 많은 노력과 선생님의 노력으로 측만증이 개선된다면
어느 정도 키에 영향을 미칠수 있을것으로 기대 합니다.
물론 아이의 키에 영향이 없을수도있으나 그동안의 저희 병원의 경험과 노화우를 생각한다면
키에 영향이 있을 것으로 기대 합니다.
정확한 진단과 상담을 위해 내원 해서 검사를 진행해 볼것을 권해 드립니다.
예약은 필수 ^^
051-714-1831
신환 예약도 가능 합니다.",http://xn--od1b68l0cz88csgeeoi.com/bbs/board.php?bo_table=online&wr_id=152&page=17,관리자,03-31
측만증 치료 어떻게 진행 되나요?,,"측만증 치료 어떻게 진행 되나요
다른 병원에서 측만증을 차료 받아 봤는데 별 효과가 없어요
중학생 여자 아이 인데....
병원에 가서 측만증을 치료 받아 봐도 별 효과가 없는듯 해서
여기 병원은 어떻게 치료 하고 효과가 있는지 궁금합니다.",http://xn--od1b68l0cz88csgeeoi.com/bbs/board.php?bo_table=online&wr_id=149&page=17,나경맘,03-27,"안녕하세요 온누리통증의원 입니다.
우선 측만증 치료를 받고 있다고 하시느데 어떤치료를 어떻게 받았는지....
저희 병원에서는 담당선생님과 1:1로 도수치료와 운동을 같이 병행 하고
바른자세를 교육 하여 측만증을 치료 하고 있습니다.
측만증은 평상시의 생활 습관과 잘못된 자세에서오는 경우가 많아 평소에도 신경을 많이 써야 하며
바른자세를 유지 하도록 노력 하여야 치료가 가능한 병입니다.
저희 병원에서는 위에서 말씀드린데로 도수치료와 운동을 병행하여 1시간 정도 치료를 진행하며
전담 선생님을 배정하여 관리 하고 있습니다.
자세한 상담은 내원하시여 문의 부탁 드립니다.
내원전 예약 전화 주시면 편하시간대에 예약을 해드리겠습니다.
051-714-1831
초진 예약 가능 합니다.
감사합니다.",http://xn--od1b68l0cz88csgeeoi.com/bbs/board.php?bo_table=online&wr_id=150&page=17,관리자,03-27
측만증 문의 입니다.,,"안녕하세요 측만증 문의좀 드릴려구 하는데요
거울을 보면 왼쪽 어깨가 내력 간듯 하구요
가끔 등 쪽으로 통증이 발생 하기도 합니다.
증상을 찾아 보니 측만증도 의심 할수 있다고 해서요
혹시 저같은 증상이 측만증일 수도 있을까요?
참고로 20대 초반 여자 입니다.",http://xn--od1b68l0cz88csgeeoi.com/bbs/board.php?bo_table=online&wr_id=147&page=17,정순,03-27,"안녕하세요 온누리통증의원 입니다.
우선 문의 주셔서 감사하구요
육안으로 보기에 왼쪽 어깨가 내려간듯 보이신다고 하니...
일단 측만증의 경우 육안으로 잘 나타 나지 않는 경우가 많이있는데 육안으로 구분할 정도라면....
검사를 진행 해 봐야 할듯 하지만 문의 주신 내용만으로도 측만증을 의심 할수 있을듯 합니다.
등에 나타나는 통증 또한 측만증에 의한 통증일수 있습니다.
본인의 자세한 상태를 알고 싶거나 치료를 원하신다면
내원 하시여 원장님과 상담을 권해 드립니다.
참고로 육아으로 보이실 정도라면 좀.... 심한 측만증일수도 있습니다.(물론 아닐수도 있지만요 ^^)
내원 전에 예약은 필수 이니 전화로 예약 부탁드립니다.
초진도 예약 가능합니다.
051-714-1831
전화 주세요 ^^",http://xn--od1b68l0cz88csgeeoi.com/bbs/board.php?bo_table=online&wr_id=148&page=17,관리자,03-27
손가락 치료 문의 입니다.,,"손가락이 아픈데요
치료 가능 할까요
일적으로 타이핑을 많이 하는 직업입니다.
몇일 전부터 손가락 마디가 아픈데 어디서 치료를 해야 할지....
혹시 치료 가능하다면 이병원에서는 어떤 치료를 하는지요?",http://xn--od1b68l0cz88csgeeoi.com/bbs/board.php?bo_table=online&wr_id=145&page=17,둘리^^,03-24,"안녕하세요 온누리 통증입니다.
우선 손가락 치료 저희 병원에서 가능합니다.
손가락 치료의 경우 원장님이 상태를 확인 해 봐야 정확한 치료 방법이 나올수 있겠죠
꼭 치료 방법을 문의 하신다면
우선 주사치료가 있구요(프롤로테라피 등)
체외 충격파 치료도 가능 합니다.
또한 힐트테라피 라는 고강도 레이져 치료
물리치료
이런식의 치료가 있구요
위 치료 방법은 원장님께서 환자의 상태를 봐서  여라 가지 방법으로 치료를 하게 됩니다.
우선 내원 하시여 원장님과 상담을 권해 드립니다.
초진 예약 가능 합니다.
051-714-1831
예약 방문은 필수 입니다.(물론 예약 없이 내원 하셔도 진료는 가능 합니다.)",http://xn--od1b68l0cz88csgeeoi.com/bbs/board.php?bo_table=online&wr_id=146&page=17,관리자,03-24
평소에 머리가 자주 아픈데 치료 가능 할까요?,,"안녕하세요
평소 두통이 많이 오는데요
약을 먹으면 낫기는하는데 그래도 자주 아픈 편입니다.
두통이 오는 원인이 있을까요?
인터넷에 찾아봐도 잘 모르겠어요
어디서는 목이 안좋아서 그럭다는둥 머리에 이상이 있을수도 있다고 하던데....
어디서 검사를 받아 봐야 하는지.....",http://xn--od1b68l0cz88csgeeoi.com/bbs/board.php?bo_table=online&wr_id=143&page=18,선정,03-24,"안녕하세요 온누리 통증의원 입니다.
우선 평소에 머리가 아파다고 하시느것이 두통을 말씀 하시는 경우라면....
평소 지병(혈압, 당뇨 등과 같은)이 없다면....
목이 좋지 안아서 일 가능성이 많습니다.
목의 모양(거북목 또는 일자목 등) 좋지 안을 경우 지속적인 목 근육을 무리하게 사용하게 되고
목근육의 피로도가 많이 올라간 경우 머리 근육을 당겨 두통을 유발 하는 경우가 대부분입니다.
우선 내원 하시여 목 검사와 치료를 권해 드립니다.
평소 지병이 없다면 너무 큰 걱정은 안하셔도 될듯 합니다.
물론 지병이 있다고 해도 큰 걱정은 안하셔도 됩니다. ^^
내원 하시여 검사/치료를 진행해 보세요
초진도 예약 가능 합니다.
051-714-1831 전화 주세요
^^",http://xn--od1b68l0cz88csgeeoi.com/bbs/board.php?bo_table=online&wr_id=144&page=18,관리자,03-24
측만증 검사를 받아 본 사람 입니다.,,"여자 아이 중학생 입니다.
얼마전 측만증 검사를 받아 보고 측만증 진단을 받았는데 치료를 해야 한다는데....
어떤 병원을 선택 해야 할지....
여기 병원에서는 어떤 치료를 하는건 가요
참고로 아이가 계속 허리가 아프다고 해서 검사를 받아 본 상황입니다.",http://xn--od1b68l0cz88csgeeoi.com/bbs/board.php?bo_table=online&wr_id=141&page=18,경선맘,02-06,"안녕하세요 온누리 통증의원 입니다.
우선 측만증 검사를 받아 보셨다고 하시는데....
측만증 정도가 어느 정도 인지 모르겠지만.. 측만증에 의해서 중학생인 아이가 통증을 느낄 정도면 심한 정도라고 판단 되는데요?
우선 측만증의 치료는 시기가 무엇보다 중요합니다.
성장기가 끝난 상황에서 치료를 할경우 경과가 많이~~~~ 좋다고는 말할수 없는바
치료 시기를 빨리 하시는것을 권해 드리며
참고로 저희 병원은 측만증 특화 의원으로 자녀분의 측만증을 정확하게 진단하여 치료 할수 있을듯 합니다.
우선 저희 병원에서 자체 적으로 하는 측만증 검사를 시행 한 후 치료를 결정 하시면 될듯 합니다.
병원에 내원 하시여 원장님과 상담을 적극 권해드립니다.
감사합니다.
예약은 051-714-1831 로 해 주시면 되구요
예약은 필수 입니다.
예약을 안하시면 많~~~이 기다릴수 있어요 ^^",http://xn--od1b68l0cz88csgeeoi.com/bbs/board.php?bo_table=online&wr_id=142&page=18,관리자,02-06
허리통증 문의 입니다.,,"몇일전 허리를 삐긋 했는데요
몇일 지나면 괜찮을줄 알고 그냥 있었는데 계속 아프네요?
정형외과를 가야 할지 통증의학과를 가야 할지....",http://xn--od1b68l0cz88csgeeoi.com/bbs/board.php?bo_table=online&wr_id=139&page=18,선정,02-06,"안녕하세요 온누리통증의원 입니다.
허리를 삐긋하셨다는 말은 일을 하시다가 또는 무단히 갑자기 아파왔다는 말씀이신지.....
일단 검사를 진행 해 봐야 하지만 정형외과든 통증의학과든 병원에 내원 하시여 치료가 필요 할듯 합니다.
허리가 아프면 아무것도 못하시잖아요  ^^
일단 단순 근육통에 의한 허리 통증인지 디스크에 의한 통증인지는 병원에 내원하시여 원장님과 상담을 통해
알수 있을듯 하구요
내원 하시여 치료를 받아 보시길 권해드립니다.
정형외과든 신경외과든 통증의학과든 어떤 병원을 가던 상관은 없을듯 합니다.
저희 병원에 내원 하시면 좋겠지만.... ㅋㅋㅋㅋ
욕심이죠 편하신 병원에 내원하시여 치료를 받길 권해드립니다.
감사합니다.
혹시 저희 병원에 내원할 계획이시라면 예약이 먼저 입니다.
051-714-1831 로 문의 주세요",http://xn--od1b68l0cz88csgeeoi.com/bbs/board.php?bo_table=online&wr_id=140&page=18,관리자,02-06
무릎 통증 치료 문의,,Content not found.,http://xn--od1b68l0cz88csgeeoi.com/bbs/board.php?bo_table=online&wr_id=137&page=18,이상욱,01-22,Content not found.,http://xn--od1b68l0cz88csgeeoi.com/bbs/board.php?bo_table=online&wr_id=138&page=18,관리자,01-29
측만증 치료를 받고 싶은데요?,,"중학교를 다니고 있는 여자 아이 입니다.
측만증 진단을 받고 다른 병원에서 치료를 받아 보았는데 효과가 없는거 같아서요
이병원도 측만증 치료를 한다고 되어 있던데 어떤 치료를 하시는건가요?
다른 병원에서 6개월 정도 치료를 받고 있어요
측만증 나을수 있을까요?
치료 가능할까요?",http://xn--od1b68l0cz88csgeeoi.com/bbs/board.php?bo_table=online&wr_id=133&page=18,선영,12-30,"안녕하세요 온누리통증의원 입니다.
우선 중학생 여자라고 하셨고 치료를 받고 있다고 하셨는데...
일단 저희 병원에 오셔서 상담 및 검사가 우선 되어야 할것 같구요
저희 병원에서는 도수치료 와 운동치료를 통하여 측만증을 개선할수 있도록 노력하고 있습니다.
저희 병원은 환자분의 상태를 확인 후 필요한 치료를 진행 할것이며  측만증 특화의원으로서의
환자분을 위해 최선을 다하고 있습니다. ^^
저희는 슈로스 치료, 근막 이완술, 바른자세, 등등 여러가지 치료 방법을 통하여
측만증이  개선되도록 노력하고 있습니다.
정확한 상담과 치료를 원하신다면 내원 하시여
원장님과 상담을 받아 볼것을 권해 드립니다.
감사합니다.",http://xn--od1b68l0cz88csgeeoi.com/bbs/board.php?bo_table=online&wr_id=134&page=18,관리자,12-30
성장크리닉 문의 입니다.,,"안녕하세요
초등학교 5한년 남자 아이를 키우고 있는 엄마 입니다.
우리 아이가 또래 보다 키가 작아 걱정 입니다.
호로몬 주사? 그런걸 맞으면 키가 클까요?
제가 키가 작은 편이라 아이의 키가 크지 않을 까봐 걱정입니다.
성장크리닉을 한다고 해서 문의 드립니다.
어떻게 하는건지 궁금 합니다.
혹시 주사치료를 하는건가요?",http://xn--od1b68l0cz88csgeeoi.com/bbs/board.php?bo_table=online&wr_id=131&page=18,선우 엄마,12-27,"안녕하세요 온누리통증의원 입니다.
저희 병원에서 운영하는 성장크리닉은 성장호르몬 주사를 하지 않습니다.
혹시 호르몬 주사를 원하시는 거라면..... 저희는.....
저희 병원에서 하는 성장 크리닉은
우선 X-RAY 검사를 통하여 아이의 예상 키를 측정하여 예상 키 보다 좀더 키가 성장 할수 있도록 도와 주는
치료를 하게 됩니다.
우선 도수치료를 통하여 아이의 근육을 부드럽게 만들어 성장에 도움을 줄수 있도록 하고 있으며
성장판을 자극하는 운동을 통하여 자연스럽게 키가 클수 있도록 유도하고 있습니다.
그외 부수적인 치료를 병행하여 인위적인 약물치료가 아닌 아이의 몸에 맞게 치료를 하고자 노력 하고 있습니다.
자세한 내용은 원장님을 만나서 좀더 전문적인 상담을 권해드립니다.
아이 때문에 걱정이 많으시겠지만 내원 하시여 간단한 검사와 상담을 해보세요
감사합니다.",http://xn--od1b68l0cz88csgeeoi.com/bbs/board.php?bo_table=online&wr_id=132&page=18,관리자,12-27
측만증 치료 받고 싶은데요,,"저~~ 측만증 치료를 받고 싶은데요
이번에 수능 마치고 대학 준비중인데요
측만증치료 가능 할까요?
중학교때 측만증 진단을 받았는데 치료를 안하고 있었구요
고등학교때는 공부하느라고.... ㅋㅋㅋ
참고로 여자입니다.",http://xn--od1b68l0cz88csgeeoi.com/bbs/board.php?bo_table=online&wr_id=129&page=18,소명,12-27,"안녕하세요 온누리통증의원 입니다.
우선 답변을 먼저 하자면 치료는 가능합니다.
현재 문의하신 분의 상태를 알수 없어 어느정도 까지 치료가 하능할지는.... ^^
측만증의 치료는 시기가 무엇보다 중요 하지만
현재 문의 하신 분의 나이를 고려 할때 정상 범위안의 척추 각도가 나올지는 해봐야 할듯 합니다.
물론 저희 병원에서는 최선을 다해 치료해 드릴겁니다.
우선 내원 하시여 정확한 검사를 진행한 후 원장님과 상담을 받아 보실것을 권합니다.
참고로 측만증을 치료 하면 키도 쪼끔더 클수 있다는거...... ㅋㅋㅋㅋ
문의 주셔서 감사합니다.
원하시는 대학에 꼭 합격 하시길 기원 합니다.",http://xn--od1b68l0cz88csgeeoi.com/bbs/board.php?bo_table=online&wr_id=130&page=18,관리자,12-27
비수술적 치료 하고 소개 되어 있던데 어떤 치료를 하는건가요?,,"안녕하세요 허리가 아파서 다른 병원에서 수술을 권유 받은 사람입니다.
비수술적 치료를 한다고 해서 문의 드리는 데요
다른 병원에서 수술을 권유 받았는데도 비수술적으로 치료가 가능 할까요?
참고로 저는 40대 초반의 남자 입니다.
다들 허리 수술은 안하는게 좋다고 말하기도 하는데 병원에서는 수술을 해야 한다고 하고...
어떻게 해야 할까요?",http://xn--od1b68l0cz88csgeeoi.com/bbs/board.php?bo_table=online&wr_id=127&page=18,허리 아픈 사람,12-26,"안녕하세요 온누리마취통증의학과의원 입니다.
허리 수술을 권유 받으셨다고.....
글쎄요 정확한 환자분의 상태를 알수 없어서 뭐라고 말씀드려야 할지...
일단 통상적으로 말씀 드리자면.....
허리 수술은 최대한 다른 치료 비수술적 치료를 해본 후 그래도 계속적인 통증이 발생하여
일상생활이 힘든경우 고려 해볼것을 권해 드립니다.
우선 권유 받은 병원 말고 다른 병원에서 진료/검사를 받아 보시는게 좋을 듯하구요
저희 병원은 허리 수술을 권해 드리지 않습니다.
허리 수술이 꼭 필요한 경우는 다리에 힘이 풀려서 걷기 힘들다던지, 엄지 발가락에 힘이 안들어 간다던지
도저히 움직일수 없다 등등 의 이유로 일상생활이 힘들때 권해 드리기는 합니다.....
이런 경우가 아니라면 우선 비수술적 치료를 해보시길 권해드 립니다.(특히 40대 시라면....)
저희 병원에서는 허리 신경관 치료(허리 신경주사 치료)를 시행하여 통증을 완화시켜 드릴수 있으며
통증완화치료 후 도수치료를 통하여 허리 근력을 강화 시켜 재발 확율을 늦추어 드릴수 있을것으로 사료 됩니다.
정확한 진단과 치료를 위하여 내원 하시여 원장님과 상담 받아 볼것을 권해 드리며
혹시 MRI 또는 CT촬영 영상이 있다면 가져 오셔서 상담 받아 보시실수 있습니다.
감사합니다.",http://xn--od1b68l0cz88csgeeoi.com/bbs/board.php?bo_table=online&wr_id=128&page=19,관리자,12-26
물리치료만 가능 한가요?,,"물리치료만 가능한가요?
가능하다면 어떤 물리치료 기계가 있나요?
혹시 비용도 알수 있을까요?",http://xn--od1b68l0cz88csgeeoi.com/bbs/board.php?bo_table=online&wr_id=125&page=19,전영천,12-26,"안녕하세요 온누리마취통증의원 입니다.
문의 하신내용을 보았습니다.
우선 답변 드리자면 물리치료만도 가능합니다.
저희는 저주파 물리치료기, 자기장 레이져 치료기, 고주파 치료기를 주로 이용하여 물리치료를 진행 하고 있습니다.
비용은 물리치료만 받을 경우 1만원 밑으로 나오게 됩니다.
치료 하는 부위와 어떤 물리치료로기계를 사용 하느냐에 따라 비용이 조금씩 차이 날수 있습니다.
혹시 주사 치료가 겁이 나셔서 물리치료만 문의 하신거라면
주사 치료 없이 물리치료만 가능합니다.
단, 신환(초진)의 경우 원장님 면담 후 물리치료 가능하며 초진 이후 예약 없이 물리치료만 받으실수 있습니다.
충분한 답변이 되었으면 합니다.
감사합니다.",http://xn--od1b68l0cz88csgeeoi.com/bbs/board.php?bo_table=online&wr_id=126&page=19,관리자,12-26
손목 터널 증후군 문의 입니다.,,"손목 터널 증후군 이라는 진단을 받았는데요
정형외가에서 수술을 권하던데 손목 터널 증후근의 경우 수술 말고는 치료 방법이 없는건가요
수술 없이 치료 가능 할까요
비수술적 통증 치료를 한다고 하던데...
수술이라고 하니 겁이 나서요  ㅠ.ㅠ",http://xn--od1b68l0cz88csgeeoi.com/bbs/board.php?bo_table=online&wr_id=123&page=19,서윤,12-23,"안녕하세요 온누리통증의원 입니다.
손목 터널 증후군이라고 하셨는데...
정형외과에서 수술을 권해 드렸다고 할정도면 많이 불편 하셨겠네요
흠~~~
정확한 상태를 알수 없으니 뭐라고 말씀 드리기가 좀 그렇지만
손목터널 증후군 이라고 무조건 수술을 하는것은 아니라는걸 우선 말씀 드리고 싶구요
손목 터널 증후군의 경우 손목에 있는 손목의 신경관이 좁아져서 신경을 누른다던지
아니면 손목의 신경이 부어 올라 신경관이 좁아져 통증이 발생하는 경우가 대부분입니다.
수술의 경우 손목 신경관을 넓히는 방법 또는 혹시 신경관에 유착이 있다면 유착을 발리하는 선에서 수술을 진행하게 되는것인데...
현재 환자분의 상태가 어느 정도인지 모르니 정확한 답을 드리기가......
하지만 수술전에 충분히 비수술적 방법으로 치료를 해볼것을 권해드립니다.
저희병원에서는 주사를 통한 약물 치료와 필요하다면 도수치료, 물리치료등을 통하여 치료를 해보실수 있습니다.
정확한 진단과 치료를 위해서는 내원 하시여 원장님을 만나 볼것을 권해 드립니다.
감사합니다.",http://xn--od1b68l0cz88csgeeoi.com/bbs/board.php?bo_table=online&wr_id=124&page=19,관리자,12-23
치료문의 드립니다.,,"1년전쯤 외측상과염으로 수술을 했습니다.
직업상 팔을 많이 써서 통증이 심한데 고강도 레이저 치료를 받아보고 싶은데 따로 예약을 해야 하는지요?
고강도 레이저만 받을수 있는지도 궁금하고 가격도 궁금합니다. 실비청구도 가능한지요?",http://xn--od1b68l0cz88csgeeoi.com/bbs/board.php?bo_table=online&wr_id=121&page=19,손미정,12-20,"> 
 > 
 > 1년전쯤 외측상과염으로 수술을 했습니다.
> 직업상 팔을 많이 써서 통증이 심한데 고강도 레이저 치료를 받아보고 싶은데 따로 예약을 해야 하는지요?
> 고강도 레이저만 받을수 있는지도 궁금하고 가격도 궁금합니다. 실비청구도 가능한지요?
 > 
 >
안녕하세요 온누리통증의원 입니다.
1년 전에 외측상관염으로 수술을 하였다고 하시는데 많이 고생하셨겠네요
고강도 레이저 치료(힐트)를 말씀 하시는거 같은데 물론 치료 가능합니다.
우선 초진의 경우 예약 후 원장님 상담 이후 치료를 진행하시면 됩니다.
초진 또한 전화로 예약 가능하므로 전화 주시면 예약 진행 하겠습니다.(051-714-1831)
이후 재방문시에는 고강도 레이저 치료만 받으실 경우 따로 예약 없이 방문하시면 됩니다.
가격은 환자분의 상태 부위 별로 많은 차이가 발생하므로 내원 하시는것을 권해 드리며
(대략 적인 금액은 3만원 ~ 5만원 사이 입니다.)
고강도 레이져 치료만 받으셔도 됩니다.
마지막 질문의 답은 실비 청구 가능 여부는 내원 하시여 문의 부탁 드립니다.^^
충분한 답변이 되었으면 좋겠네요.
감사합니다.",http://xn--od1b68l0cz88csgeeoi.com/bbs/board.php?bo_table=online&wr_id=122&page=19,관리자,12-23
도수 치료 가능한가요?,,"거기 병원에서 도수치료 가능한가요?
도수치료 비용은 어떻게 되는지요?
그리고 혹시 도수치료 실비 가능한가요?",http://xn--od1b68l0cz88csgeeoi.com/bbs/board.php?bo_table=online&wr_id=119&page=19,은실이,12-20,"안녕하세요 온누리통증의원 입니다.
저희 병원에서 도수치료 문의를 주셨는데...
저희 병원에서도 도수치료 가능합니다.
비용을 문의 하셨는데  도수치료 비용은 어떤 부위에 어떤 도수치를 하느냐에 따라 다릅니다.
보통 1만원에서 20만원 까지 도수치료 비용이 측정 되어 있는데 부위, 방법, 시간에 따라 금액이 측정하기 때문에
정확하게 얼마다라고 말씀드리기 힘들것 같습니다.
또한 저희 병원은 원장님 께서 환자분의 상태를 먼저 보시고 도수치료 유무를 결정 하시는바
내원 하시여 원장님가 상담을 받아 보셔야 할듯 합니다.(물론 원하시는 환자분들에게는 도수치료 해드리죠 ^^)
하지만 도수치료가 필요 없는 분들에게 까지 권해드리지는 않습니다.(진료에 참고 하시기 바랍니다.)
도수치료 실비 문의 하셨는데 저희 병원에서 도수치료를 받으시면 실비청구는 가능합니다.
하지만 우선 본인이 가입 되어 있는 보험회사에 먼저 문의 하시여
가입되어 있는 보험이 도수치료  보장이 되는지 먼저 문의 하시는게 우선 되어야 할듯합니다.
감사합니다.",http://xn--od1b68l0cz88csgeeoi.com/bbs/board.php?bo_table=online&wr_id=120&page=19,관리자,12-20
운동을 하다가 발목을 다쳤는데요...,,"운동을 하다가 발목을 다쳤는데요
온찜질을 해야 할지, 냉찜질을 해야 할지....
사람들 마다 이야기 하는게 다 틀려서....",http://xn--od1b68l0cz88csgeeoi.com/bbs/board.php?bo_table=online&wr_id=117&page=19,철환,12-20,"안녕하세요 온누리통증의원 입니다.
우선 답변을 드리자면 냉찜질을 권해 드립니다.
다친 즉시 또는 다치고 나서 붓기가 있다면 우선 냉찜질을 하셔서 붓기를 가라 않지는 것이 우선입니다.
붓기가 있는 상태에서는 치료 자체가 힘들수 있기 때문입니다.
혹시 다치신기 몇일 되셨구 붓기가 없다고 하더라도 발목 상태를 정확히 알수 없으므로 냉찜질을 할것을 권해드리며
병원을 방문 하셔서 발목이 아픈 이유를 정확히 진단 받으신 후 치료를 할것을 권해드립니다.
사소한것 같지만 관절부위의 통증을 그대로 방치할경우 만성통증을 유발할수 있고
특히 발목 같은 경우 완치를 하지 않을시 계속적으로 부상을 당할수 있습니다.
참고로
저희 병원에서는 힐트라는 고강도 레이져 치료기로 치료 할수 있으며
물론 주사치료, 물리치료를 통하여 통증을 완화하고 치료를 할수 있습니다. ^^
궁금한 점이 해결 되었기를 바랍니다.
감사합니다.",http://xn--od1b68l0cz88csgeeoi.com/bbs/board.php?bo_table=online&wr_id=118&page=19,관리자,12-20
어깨가 아픈데 치료 가능 할까요,,"안녕하세요 40대 여성입니다.
얼마전 아깨가 아파서 한의원에 갔는데 오십견이라는 소견을 듣고 치료를 했는데
차도가 없어요 혹시 여기서도 치료 가능한가요?
오십견이면 수술을 해야 하나요?",http://xn--od1b68l0cz88csgeeoi.com/bbs/board.php?bo_table=online&wr_id=115&page=19,찬민 맘,12-20,"안녕하세요 온누리통증의원입니다.
저희 병원에서 오십견 치료 가능 합니다.
수술도 필요 없구요(참고로 저희는 수술 안하는 병원 입니다.)
보통 오십견으로 찾아 오시는 환자분들의 경우 통증과 함께 어깨의 회전이 잘 안되는 경우가 많이 있습니다.
저희 병원에서도 오십견 치료가 가능하며 우선 오십견이 맞는지 검사가 우선 되어야 할듯합니다.
참고로 말씀드리면 오십견의 경우
충분한 휴식만으로도 치료가 가능 할때도 있으나 정확한 진단을 통하여 치료를 할것을 권해 드립니다.
정확한 진단을 위해서는 내원을 하여야 겠죠  ^^;;;
내원 하시여 원장님과 충분한 상담을 해볼것을 권해 드립니다.",http://xn--od1b68l0cz88csgeeoi.com/bbs/board.php?bo_table=online&wr_id=116&page=19,관리자,12-20
30대 여성입니다. 전신통증이 있어요 ㅠ.ㅠ,,"안녕하세요 30대 여성 입니다.
목, 어깨, 등, 허리, 골반 등 전반적으로 아파요 ㅠ.ㅠ
다른 병원가서 치료도 받아 보고 해보았지만 그때 뿐이고 몇일 지나지 않아 다시 통증이찾아 옵니다.
치료 가능할까요?",http://xn--od1b68l0cz88csgeeoi.com/bbs/board.php?bo_table=online&wr_id=113&page=19,김슬기,12-16,"안녕하세요 온누리 통증의원입니다.
우선 전신 통증이 있다고 하니 많이 힘드시겠네요
다른 병원에서 진단을 어떻게 받았는지 어떤 치료를 받았는지 저희가 알수 없어서 정확한 답변이 될지는 모르겠습니다.
우선 측만증 이야기가 없으시니 측만증을 때문에 문의를 하신게 아니라고 판단하고 답변을 드리자면
몸의 전반적인(전체적인) 발란스가 무너 지지 않았나 라고 판단 됩니다.
하체쪽 또는 척추의 발란스가 무너진 경우 무너진 발란스를 맞추기 위해 몸에 무리가 가는 경우가 많은데
이렇경우 몸에 전체적인 통증이 발생할수도 있습니다.
최근 또는 1년 이내 하체쪽에 다치시거나 충격이 가해진 경우가 없는지 생각해보시고
아니라면 최근 또는 1년 이내 발목이나 무릎 쪽에 통증 또는 충격이 있었는지 생각 해보시는것이 좋을 듯합니다.
정확한 진단은 내원 하시여 원장님과 상담을 받아 보시는 것이 좋으나
우선 설명하신 통증만으로 판단 하지면
특별한 이벤트가 없는데도 무던히 전신 통증이 발생한다면 위에 설명드린 경우가 대부분이며
혹시 측만증 검사를 받아 보지 않으신 경우라면 측만증 검사를 받아보시는 것을 권해 드리고 싶네요
참  그리고 혹시 출산을 하고 말씀하신 통증이 발생한것이라면
몸의 영양상태 또는 몸의 발란스 또는 우울증에 의한 통증일수도 있습니다.
^^  지금 말씀드린것은 참고만 하시고 계속적인 통증이 발생하시는 것이라면
저희 병원에 내원하시 던 아니면 가까운 병원에 가셔서 좀더 정확한 검사를 받아 볼것을 권해 드립니다.
감사합니다.",http://xn--od1b68l0cz88csgeeoi.com/bbs/board.php?bo_table=online&wr_id=114&page=19,관리자,12-16
측만증이 있으면 뭐가 안좋은거에요?,,"안녕하세요
궁금한게 있는데요 측만증이 있으면 뭐가 안좋은거에요?
우리 아이가 측만증이 있다고 진담 받았는데 그대로 두면 뭐가 안좋은건가요?
치료를 꼭 해야 하는건지 잘 모르겠어요?
치료 비용도 만만치가 않고요
측만증 치료를 꼭 해야 할까요?
참고로 우리 아이는 초등학교 5학년 여자 아이 입니다.",http://xn--od1b68l0cz88csgeeoi.com/bbs/board.php?bo_table=online&wr_id=111&page=20,선진맘,12-10,"안녕하세요 온누리통증의원 입니다.
우선 초등학교 5학년 여자 아이라..... 측만증....
일단 측만이 어는 정도인지가 중요  할듯 하지만
정확한 판단은 병원에서 검사를 통하여 우선 판단 하여야 할듯 합니다.
그리고 측만증을 가지고 있는 경우 2차 성장기를 거치면서 좀더 심해질수 있다고
생각하시는게 맞을듯 합니다.
측만증이 스스로 나아지는 경우는 극히 드믄 일입니다.
측만증의 경우 치료시기가 무엇보다 중요하고 성장기 또는 성장기 전에 치료를 시작하는것일 좋습니다.
측만증이 있는경우 다른 일반인들보다 허리 또는 경추(목) 질환 또는 통증이 일찍 찾아 올수 있으며
성장기 이후 외관상 어깨 기울기등의 형태나 나타 날수 있습니다.
측만증이 있는 학생들의 경우 대다수 학업에도 지장을 줄수 있습니다.
자세가 틀어짐으로 해서 불편감이 발생하고 집중력저하 등이 발생하여 학업에도 영향을 줄수 있는바
좀더 적극적인 치료를 받아 볼것을 권해드립니다.
정확한 진단 및 상담을 원하신다면 내원 하시여 원장님과 상담을 해보실것을 권해 드립니다.
감사합니다.",http://xn--od1b68l0cz88csgeeoi.com/bbs/board.php?bo_table=online&wr_id=112&page=20,관리자,12-10
허리가 아픈데 치료 가능 할까요?,,"30대 남성입니다.
허리가 자주 아픈 편인데 다른 병원에서 MRI 등의 검사를 해보았습니다.
그쪽 병원에서는 수술할 정도는 아니다 라고 하시면서
간단한 주사 치료와 물리치료만을 시행 하였습니다.
하지만 저는 허리가 자주 아프고 불편함을 계속 느낌니다.
혹시 이런 증상도 치료가 가능 할까요?",http://xn--od1b68l0cz88csgeeoi.com/bbs/board.php?bo_table=online&wr_id=109&page=20,무기명,12-10,"안녕하세요 온누리 통증의원 입니다.
우선 말씀 드리자면 치료는 가능합니다.
하지만 근본적인 원인을 찾아서 해결 하는것이 좋을듯 합니다.
병원에서 해드릴수 있는것은 당장의 통증은 없도록 해드릴수 있으나
환자분의 평소 생활 환경 및 생활 습관에서 허리를 아프게 하는 것은 없는지 먼저 찾아 봐야 할것이며
통증이 발생시키는 여러가지 요인들을 찾아서 해결해 드릴수 있다고 생각합니다.
우선 찍으셨다는 MRI를 가지고 내원 하시여 원장님과 상담을 받아 보시길 권해들며
혹시 사진을 가지고 있지 않다면 그냥 내원하셔도 상관은 없습니다.
허리가 아픈 근본원인을 찾는것이 우선되어야 할것으로 판단되므로 내원하시여 원장님과 상담을 받아 보세요
참고로 하체 발란스가 무너진 경우에도 허리가 아플수 있습니다. ^^
충분한 답변이 되었기를 바랍니다.
감사합니다.",http://xn--od1b68l0cz88csgeeoi.com/bbs/board.php?bo_table=online&wr_id=110&page=20,관리자,12-10
김영환 원장님 예전에 범일동에 계시던분 맞나요?,,"김영환 원장님
예전에 범일동 대한통증에서 진료 하시던 원장님 맞으신가요?",http://xn--od1b68l0cz88csgeeoi.com/bbs/board.php?bo_table=online&wr_id=107&page=20,선자,12-06,"안녕하세요 온누리통증의원 입니다.
네  김영환 원장님께서는 예전에 범일동에 있는 대한통증의원에서 진료 보셨구요
현재는 저희 온누리마취통증의원에서 진료 하고 계십니다.
혹시 김영환 원장님께 진료를 원하시면 예약 부탁 드립니다.
원장님 진료 스타일상 예약없이 내원시 많이 기다릴수 있습니다.
예약 전화는 051-714-1831 로 전화 주시면 되구요  신환 분들도 예약 가능합니다.
참고로 저희 병원 진료 시간은 오전 09:30~19:00 까지 이며 점심 시간은 13:00~14:30 까지 입니다.
수요일은 오후 14:30~19:00 까지 입니다.
토요일은 09:30~15:00 까지 입니다.
참고 하시면 감사하겠습니다.",http://xn--od1b68l0cz88csgeeoi.com/bbs/board.php?bo_table=online&wr_id=108&page=20,관리자,12-06
"20대 남성 입니다. 허리, 등 통증이 있는데 치료 가능 할까요?",,"안녕하세요 20대 남성 입니다.
최근들어 허리와 등에서 통증이 자주 발생합니다.
허리와 등에서 바늘로 찌르는듯한 통증이 가끔 발생하며 뭐라고 설명하기 힘든 통증이
한번씩 있습니다.
이런 것도 통증치료를 해야 할까요?
몇일 통증이 발생하다가 없어 지기는 하는데.....",http://xn--od1b68l0cz88csgeeoi.com/bbs/board.php?bo_table=online&wr_id=105&page=20,희승,12-06,"안녕하세요 온누리통증의원입니다.
우선 통증이 발생하는 부위가 허리와 등 이라고 하셨는데....
정확한 원인을 찾아서 치료를 해야 할듯 합니다.
대다수 환자분처럼 통증이 있다가 없어지는경우 별문제는 없는듯 하나
주기적으로 찾아 온다면 분명히 원인은 있을듯 합니다.
우선 의심 되는것은 평소의 생활 습관에서 찾아 보는것이 현명할듯 합니다.
장시간 스마트폰 사용 또는 장시간 컴퓨터 사용으로 자세가 잘못 되었다면 환자분과 같은 증상이 찾아 올수 있습니다.
또한 평소 생활 습관에서 잘못된 자세로 인하여 환자분과 같은 통증이 찾아 올수 있습니다.
정확하게는 검사를 진행해 봐야 하지만 우선 해보셔야 할것은 스마트폰 사용을 자제하시고
운동(스트레칭)을 할것을 권해 드립니다.
운동 및 스마트폰 사용을 자세 하고 있는데도 허리와 등의 통증이 계속 찾아 온다면
변원에 내원 하시여 정확한 검사 및 치료를 받을것을 권해 드립니다.
감사합니다.",http://xn--od1b68l0cz88csgeeoi.com/bbs/board.php?bo_table=online&wr_id=106&page=20,관리자,12-06
아이가 계속 두통을 호소 하는데 진료 가능 할까요?,,"안녕하세요 초등학교에 다니는 남자아이를 기르고 있는 부모 입니다.
몇일 전부터 아이가 계속 머리가 아파다고 합니다.
큰병원에 가서 MRI, CT 등의 검사를 받아 보았으나 아무 이상이 없다고 하는데
아이는 계속 투통을 호소 합니다.
지인중에 이 병원에서 비슷한 증상으로 치료를 하고 괜찮아 졌다고 하는 우리 아이도 치료 가능한지?",http://xn--od1b68l0cz88csgeeoi.com/bbs/board.php?bo_table=online&wr_id=103&page=20,정우맘,12-03,"안녕하세요 온누리 통증의원입니다.
아이가 아파다고 하니 걱정이 많으시겠네요
우선 답변을 들이자면 각종 검사상에 이상이 없다고 하니 다행입니다.
먼저 궁금해 하시는 두통 치료는 가능합니다.
두통을 치료 하는 방법은 주사치료 및 물리치료, 도수치료 등으로 치료가 가능하나
우선 저희 병원에서 검사를 진행해 보고 원인을 찾은 후 치료 방향을 결정 하는것이 좋을 듯 합니다.
초등학생이라고 하니 저희가 예상하기로는 아이의 자세 불량 또는 척추 측만이 의심 됩니다.
정확한 원인을 진단 하고 치료 하기 위해서는 내원 하셔서 검사 및 진료 상담을 받아 보실것을 권유합니다.",http://xn--od1b68l0cz88csgeeoi.com/bbs/board.php?bo_table=online&wr_id=104&page=20,관리자,12-03
김영환 원장님 진료 하고 있신가요?,,"김영환 원장님 예전 대한통증의원에서 진료하시던 원장님 맞으신가요?
예전에 진료 받아 본 적있는데 병원을 옴기셨다고 하셔서...",http://xn--od1b68l0cz88csgeeoi.com/bbs/board.php?bo_table=online&wr_id=101&page=20,문은자,11-26,"안녕하세요 온누리통증의원 입니다.
김영환 원장님께서 예전에 범일동에 있는 대한마취통증의원에서 진료 하셨던거 맞습니다.
올해(2019년) 1월 부터 본원(온누리마취통증의학과의원)에서 진료를 하고 계십니다.
저희 병원에서는 예약자분을 우선으로 진료 하고 있습니다.
내원 전 필히 예약 부탁 드리구요(051-714-1831)
혹시 예약을 못하더라도 오셔서 접수 하시면 진료 가능 하십니다.
단 예약을 못하고 내원하실 경우 진료 대기 시간이 길어 질수도 있습니다.
원장님 진료 스타일을 많아 바꾸셔서 환자 1분당 진료 및 치료 시간이 20~30분 정도 소요 됩니다.
좀더 꼼꼼한 진료를 위한것이니 많은 양해 부탁드립니다.
감사합니다.",http://xn--od1b68l0cz88csgeeoi.com/bbs/board.php?bo_table=online&wr_id=102&page=20,관라자,11-26
측만증에 필라테스가 좋다고 하던데....,,"측만증에 필라테스가 좋다고 하던데 해도 될까요?
20대 여성입니다.
고등학교 다닐때 척추가 휘어져 있다고 들었는데 이게 측만증이 맞는건가요?
측만증에 필라테스가 좋다고 하던데 필라테스 운동을 해도 될까요?
운동을 시작할려고 하는데 이왕이면 측만증에도 좋은 운동을 하고 싶어서 문의 드려요",http://xn--od1b68l0cz88csgeeoi.com/bbs/board.php?bo_table=online&wr_id=99&page=20,김채림,11-26,"안녕하세요 온누리통증의원 입니다.
우선 필라테스는 척추 측만에 좋은 운동이기는 합니다.
단 척추 측만예방하는 운동에 좋다고 말씀 드리고 싶네요 ^^;;;;
현재 문의주신 분의 경우 측만을 가지고 있으신 상태에서 필라테스를 해보고 싶으시다고....
글쎄요 저희 병원에서는 권해 드리고 싶지는 않은 운동 입니다.
저희 병원에 측만증에 의해 치료를 받고 있는 분들의 경우 저희 병원에서는 필라테스를 권해 드리지 않습니다.
이유는 ^^
척추 측만이란 근육의 좌우 불균형한 힘에 의해서 오는 경우가 많이 있는데...
근육이란 쓰기 편한곳을 먼저 사용하게 되어 있습니다.
이말은 정확한 검사와 진단없이 운동을 하다가 측만이 더욱 악화 될수도 있다는.....
그래서 권해 드리지 않아요
자신의 몸상태를 정확히 알고 필요한 근육을 먼저 단련하고 자신에 맞는 운동을 찾아서 필요한 근육을 단련 시킨 후
다른 운동을 할것을 권해드립니다.
충분한 답변이 되었기를 바랍니다.
결론적으로 말씀 드리면 측만증을 가고 계신다면 검사와 진단을 받아서 운동 시작 유무를 결정하는것이 좋을듯 합니다.",http://xn--od1b68l0cz88csgeeoi.com/bbs/board.php?bo_table=online&wr_id=100&page=20,관리자,11-26
측만증때문에 통증이 있을수 있나요?,,"안녕하세요 측만증 특화 병원이라고 해서 문의 할까하구요?
혹시 측만증때문에 허리나 골반쪽으로 통증이 올수 있나요?
예전에 측만이 있다고 진단을 받았는데 최근들어 허리쪽과 골반쪽으로 통증이 있는데
측만증때문에 있는건지  아니면 다른 원인이 있는건지?
답변 부탁 드립니다.",http://xn--od1b68l0cz88csgeeoi.com/bbs/board.php?bo_table=online&wr_id=97&page=20,김정남,11-26,"안녕하세요 온누리통증의원 입니다.
음..... 정확히답변을 드리고 싶으나  우선 환자분의 정보가 전혀 없는 상황에서
측만증 때문에 통증이 나타낫다라고 단정 지을수는 없을 듯합니다.
측만증에 의한 통증은 나이, 건강상태, 외상유무에 따라 의사사의 진단이 달라집니다.
정확한 답변을 드리지 못해 죄송합니다.
그러나 분명히 말씀드릴수 있는것은 측만증에의한 통증은 언제가는 나타날수 있으며
어떠한 형태로든 차후 나타 날수 있습니다.
측만증을 가지고 있으신 대부분의 환자분들이 시간이 지남으로 인하여  다른 정상적인 척추모양을 가진
분들 보다 일찍 허리 디스크 또는 협착증이 찾아 올수 있으며
허리가 틀어 짐으로 해서 골반, 무릎, 발목, 경추 또한 영향을 받을수 있다는점을 말씀드립니다.
측만증의경우 치료 시기가 무엇보다 중요하며 치료를 빨리 할수록 차 후 나타날수 있는 합병증등을
예방 및 시기를 길게 가져갈수 있다는점 참고 하시기 바랍니다.
최대한 정확하게 답변을 드리고자 하였으나 그렇지 못한것 같아 죄송합니다.
정확한 진단과 치료를 위해 내원 하시여 원장님과 상담 받아보길 권해 드립니다.",http://xn--od1b68l0cz88csgeeoi.com/bbs/board.php?bo_table=online&wr_id=98&page=21,관리자,11-26
성인 측만증 문의 입니다.,,"성인 측만증 문의 드릴려구 하는데요
20대 여성입니다.
측만증 때문에 고민이 있습니다.
여러 병원에서 측만증때문에 치료를 받아 보았으나 별 차도가 없습니다.
현재 측만증 진단을 받고 도수치료, 카이로치료, 필라테스 등 측만증을 치료 하고 좋다고하는 것들을 여러가지 해보았으나
치료를 할때만 잠깐 좋아 지는 느낌이 들고 다시 돌아 옵니다.
측만증 치료 어떻게 해야 할까요?
여기 병원도 측만증 특화의원? 이라고 하던데 치료가 가능할까요?
ㅡ.,ㅡ",http://xn--od1b68l0cz88csgeeoi.com/bbs/board.php?bo_table=online&wr_id=95&page=21,박인비,11-15,"안녕하세요 온누리 통증의원입니다.
우선 문의 해주셔서 감사합니다.
먼저 말씀 드릴것은 성인 측만증의 경우 측만증을 완전히 개선하여 정상적인 척추 모양을 만들어 드린다고 말씀드리기는 어려울듯 합니다.
왜냐면..... 환자분의 경우 성장기가 끝난 성인이고 환자 본인은 개선을 위해 많은 노력을 하고 계신듯 하나 잘못된 방법들을 하고 있을
경우가 많기 때문입니다.
참고로 측만증이 나타나는 원인은 워낙 많은 경우의 수를 가지고 있기 때문입니다.
저희 병원에서는 성인 측만증의 경우 척추의 구조적인 부분을 완전히 개선하기 보다는 좀더 나은 방향으로 유도 하고
차후 측만증에 의해 나타날수 있는 합병증을 예방 하는 차원에서 치료를 하고 있습니다.
물론 환자분의 엄청난 노력과 의지만 있다면 척추의 정상적인 모습으로도 만들수 있습니다.
하지만 앞에서 언급 하였듯이 환자분의 엄~~~청난 노력과 의지가 중요합니다.
환자분께서 어느 정도까지의 측만증 치료를 원하시는 지는 알수 없으나
저희 병원에서는 측만증의 증상완화, 측만증에 의해 나타날수 있는 통증예방, 그리고 환자분에게 알맞는 운동을 처방하여
현 상태 보다 좀 더 나은 방향으로 유도해 드릴수는 있을것으로 사료 됩니다.
정확한 답변이 되었는지는 모르겠으나
좀더 상세한 상담을 원하신다면 내원하여 원장님과 상담해 보시는것을 권해 드립니다.
감사합니다.",http://xn--od1b68l0cz88csgeeoi.com/bbs/board.php?bo_table=online&wr_id=96&page=21,관리자,11-15
측만증이 있는 20대 여성입니다.,,"안녕하세요
다른병원에서 측만증 진단을 받은 20 여성입니다.
측만증이 있다는것은 고등학교를 다닐때 알았는데 아무런 증상이 없어서 그냥 있었는데....
최근들어 목, 등쪽에 통증이 있습니다.
특히 흔히들 날개쭉지 라고 하는..... (정확한 용어는 몰라서) 곳이 많이 아프네요
눌러도 보고 참아도 보고 하는데 계속적으로 반복되서 통증이 나타 납니다.
혹시 이것도 측만증 때문에 오는 통증인지 아님 다른 원인이 있느것인지...
궁금합니다.",http://xn--od1b68l0cz88csgeeoi.com/bbs/board.php?bo_table=online&wr_id=93&page=21,이유라,11-15,"안녕하세요 온누리통증의원입니다.
우선 말씀해주신 증상만으로는 정확한 병명을 판단하기는 힘들듯 합니다.
나타나는 통증의 부위가 측만증에 의해서 나타는 통증인지..
아님 목 디스크에 의해서 나타나는 증상인지....
환자분의 정확한 상태(평소의 자세, 측만증이 있는 부위 등) 를 알수 없어 정확한 답변을 드리기가 어려울듯 합니다.
하지만 증상만으로 판단하자면 측만증 또는 목 디스크 둘중 하나이지 않을까 판단합니다.
내원하시여 원장님과 상담 및 간단한 검사를 진행하여 정확한 원인을 찾아 치료 하시는것이 좋을듯합니다.
두 변명 모두 참는다고 만사가 아닌 병이니 상담을 권합니다.
참고로 목 디스크, 측만증 모두 저희 병원에서 치료 가능합니다..",http://xn--od1b68l0cz88csgeeoi.com/bbs/board.php?bo_table=online&wr_id=94&page=21,관리자,11-15
어머니가 다리가 저리기도하고 뭉치기도 하십니다.,,"안녕하세요
60대 어머니 입니다.
최근들어 다리가 져린감이 많이 들고 가끔 뭉치기도 하며 바늘로 찌르는듯한 느낌도 든다고 합니다.
한의원을 다니시는데 차도가 없어서 문의 드립니다.
이런증상도 치료 가능할까요?",http://xn--od1b68l0cz88csgeeoi.com/bbs/board.php?bo_table=online&wr_id=91&page=21,최철환,11-15,"안녕하세요 온누리 통증의원 입니다.
우선 말씀하신 증상의 치료는 저희 병원에서 치료가 가능 할것으로 판단됩니다.
현재도 여러 환자분들이 비슷한 증상을 호소하셔서 저희 병원에 내원하고 계시니...
아마도 60대 라고 하시니 허리 디스크 또는 허리 협장증을 의심할수 있을듯 합니다.
물론 정확한 진단은 영상(MRI, 또는 CT)을 통해서 정확한 진단을 내릴수 있으나
말씀해주신 증상만으로 봐서는 디스크, 또는 협착일 것으로 판단 됩니다.
우선 저희 병원에서는 비수술적 치료를 통하여 지금의 증상을 호전 시켜 드릴수 있을듯 하며
좀더 정확한 진단 및 치료가 필요 하시다면 내원하여 원장님과 상담해 보실것을 권해 드립니다.
저희 병원에서는 이동형 X-RAY(엑스레이)장비를 통하여 정확한 위치에 치료약물을 주입하여
환자분들의 증상을 호전 시켜드리고 있으며 앞에서 언급 하였듯이 비수술적 치료를 합니다.
감사합니다.",http://xn--od1b68l0cz88csgeeoi.com/bbs/board.php?bo_table=online&wr_id=92&page=21,관리자,11-15
아이가 허리가 아파다고 하는데 치료 가능할까요?,,"저...  아이가 계속 허리가 아파다고 하는데..
아프다 안아프다 하기도 하고 등이 아프다고 하기도하고
어떨때는 엉덩이 밑에가 아파다고 하기도 합니다.
아이가 아프다고 하니 걱정이 되는데 어디를 가서 검사하고 치료해야하는지 몰라서 글을 남깁니다.
혹시 이런경우도 검사 및 치료도 가능한지....",http://xn--od1b68l0cz88csgeeoi.com/bbs/board.php?bo_table=online&wr_id=89&page=21,서율맘,11-12,"안녕하세요 온누리 통증의원 입니다.
우선 아이가 아프다고 하니 걱정이 많으시겠네요
글만으로는 아이의 아픈 원인을 알수는 없을 듯 하지만
설명해주신 증상만으로 판단하자면 척추쪽으로의 문제가 있지 않나 라고 판단이 됩니다.
우선 척추에 문제가 있다면 가장 먼저 x-RAY를 찍어 볼것을 권해 드리며
다음으로 아이를 케어 할수 있는 병원을 선정하여 치료 하는것이 좋을것으로 판단 됩니다.
혹시 측만증의 진단이 나온다면 소아 측만증의 경우 치료 시기가 중요하므로 적당한 병원을 찾아 치료할것을 권합니다.
^^
참고로 저희 병원에서도 측만증 치료를 하고 있다는거 참고 부탁 드립니다. ^^;;;",http://xn--od1b68l0cz88csgeeoi.com/bbs/board.php?bo_table=online&wr_id=90&page=21,관리자,11-12
통증의학과에서도 무릎연골 주사 맞을수 있나요?,,"통증의학과에서 무릎연골 주사 맞을수 있나요?
항상 정형외과에 가서 맞았는데 통증의학과에서도 맞을수 있는지 궁금해요?
보험도 되는건가요?",http://xn--od1b68l0cz88csgeeoi.com/bbs/board.php?bo_table=online&wr_id=87&page=21,이영숙,11-12,"안녕하세요 온누리통증의원입니다.
우선 통증의학과에서 무릎연골 주사는 언제든지 맞을수 있습니다.
물론 의료보험도 되구요
걱정하지 마시고 방문하시고 원장님과 상담 후 치료 받으시면 됩니다.
참고로 저희 병원은 주사한대를 놓더라도 초음파를 이용하여 정확한 위치에 주사를 놓고 있습니다. ^^",http://xn--od1b68l0cz88csgeeoi.com/bbs/board.php?bo_table=online&wr_id=88&page=21,관리자,11-12
운동선수를 둔 부모입니다.,,"안녕하세요
아이가 축구선수로 활동하고 있는 부모 입니다.
최근들어 아이가 무릎근처가 아파다고 합니다.
다른 병원에 가서 검사를 받아 봐도 특별한 이상이 없다고 하고
아이는 무릎이 아프다고하고(특히 앞쪽 무릎 약감 밑에...) 합니다.
운동을 못할정도는 아닌데 계속 신경이쓰인다고 합니다.
혹시 이런것도 치료가 가능할까요?",http://xn--od1b68l0cz88csgeeoi.com/bbs/board.php?bo_table=online&wr_id=85&page=21,최상학,11-12,"안녕하세요 온누리통증의원 입니다.
일단 다른 병원에서 어떤 검사를 받아 보셨는지는 잘모겠으나
지금 말씀하신 부위의 경우 운동선수를 하는 성장이 아이들에게서
간혹 나타나는 증상으로 사료 됩니다.
(정확한 병변부위를 보아야만 판단이 가능할듯 합니다.)
통상적으로 말씀하신 부위의 경우 특별한 치료 보다는 충분한 휴식이 필요한 경우가 대부분이나
운동선수로써 쉴수 있는 상황이 아니라면 주사 또는 일상적인 물리치료 보다는
저희 병원에 있는 힐트테라피(고강도레이져치료기)를 받아 보시는것도 도움이 될듯 합니다.
정확한 병변을 확인하고 아이의 증상을 정확히 진단하기 위해서는 내원하여 보아야 할것 같습니다.
시간이 되신다면 병원으로 전화 주셔서 예약하고 내원 할것을 권해 드립니다.
예약 : 051-714-1831",http://xn--od1b68l0cz88csgeeoi.com/bbs/board.php?bo_table=online&wr_id=86&page=21,관리자,11-12
프롤로 치료 어떻게 하는건가요?,,"프롤로 치료가 궁금 한데요?
프롤로 치료라고 하면 스테로이드를 쓰지 않는다고 하던데 맞는 건가요?
여기 병원에서도 프롤로 치료를 한다고 하던데 정말 스테로이드를 사용하지 않고 치료하는건지?
프롤로 치료를 할수 없는 부위도 있는지 궁금합니다.",http://xn--od1b68l0cz88csgeeoi.com/bbs/board.php?bo_table=online&wr_id=83&page=21,최순옥,11-11,"안녕하세요 온누리통증의원 입니다.
먼저 프롤로테라피에 대해 문의 하셨는데 흔히들 인대증식치료 라고 하는데요
우선 프롤로테라피의 경우 스테로이드를 거의 쓰지 않는다는 것은 사실입니다.
하지만 경우에 따라서는 아주 소량의 스테로이드가 필요로 하는 경우도 있으므로 절대 라던지 완전히 라는 단어는 쓰기 좀.....
저희 병원에서 하는 프롤로의 경우 스테로이드를 거의 쓰지 않고 있으나 앞서 말씀드린데로 아주 간혹 꼭 필요한 경우 스테로이드를
사용하기도 합니다.
프롤로의 경우 자가면역치료....  즉 스스로 병변이 나아지도록 돕는 약물을 사용하여 병변을 치료하는 방법입니다.
병원마다 그리고 의사들 마다 사용하는 약물이 조금씩 다를수 있다는 점만 아시면 될듯합니다.
그리구 프롤로의 경우 관절 즉 인대에만 사용 하는 치료 방법은 아님니다.
자세한 상담 및 치료는 내원 하여 원장님과 상의 하는것을 권해 드립니다.
부족한 답변은 내원하셔서 상담을 받아 보세요
감사합니다.",http://xn--od1b68l0cz88csgeeoi.com/bbs/board.php?bo_table=online&wr_id=84&page=21,관리자,11-12
천장관절증후군 질문요,,"저의 증상이 천장관절증후군 같으데요..
정확한 진단및 치료가 가능한가요..
가능하면 어떻게 진단하면 치료하는지요..",http://xn--od1b68l0cz88csgeeoi.com/bbs/board.php?bo_table=online&wr_id=80&page=22,빵사모,11-04,"안녕하세요
온누리통증의원 입니다.
우선 천장관절증후군 같다고 하셨는데.........
정확한 진단과 진찰은 내원하셔서 원장님과 상담을 통하여 진단이 가능할것으로 사료 됩니다.
천장관절증후군 뿐만 아니라 다양한 병변의 원인으로 환자분 본인과 같은 증상을 호소하실수 있기때문이며
저희 병원에서는 우선 원장님의 문진, 촉진, X-ray 등을 통하여 진단을 하여 환자분에게 최선의 치료를 권해 드리고 있습니다.
또한 환자분의 연령대나 상태 등을 전혀 모르는 상태에서 뭐라고 말씀드리기는 어렵습니다.
정확하게는 내원을 하셔서 검사를 통하여 진단하여 치료를 시행하여야 할것으로 판단됩니다.
저희 병원에서 치료를 하실경우 주사 치료 또는 도수 치료를 하실수 있으며 치료 방법은 원장님께서 최종 판단을 하실겁니다.
도수치료의 경우 치료사와 1:1 치료를 기본으로 하며 장기 치료가 필요할경우 도수치료와 함께 운동치료, 보행관련치료 등 다양한 방법으로 치료를 시행할수 있습니다.
충분한 답변이 되어 드리지 못해 죄송하며, 정확한 진단과 치료를 위해 내원 하실것을 권해 드립니다.",http://xn--od1b68l0cz88csgeeoi.com/bbs/board.php?bo_table=online&wr_id=81&page=22,관리자,11-11
추가 질문,,"첨부한 xray 사진으로는 특발성인지 기능성인지 알 수 없는가요?
온누리병원에 슈로스 등 측만증 전문 치료사가 계신가요?
통원시 어떤 방법으로 치료 진행하게 될지 알려주세요",http://xn--od1b68l0cz88csgeeoi.com/bbs/board.php?bo_table=online&wr_id=79&page=22,송재준,10-18,"> 
 > 
 > 첨부한 xray 사진으로는 특발성인지 기능성인지 알 수 없는가요?
> 
> 온누리병원에 슈로스 등 측만증 전문 치료사가 계신가요?
> 통원시 어떤 방법으로 치료 진행하게 될지 알려주세요
 > 
 >
우선 사진상으로는 판단이 어려울듯 합니다. 본원의 촬영 방법과 보내주신 촬영 시기를 알수 없어 판단 하기 힘들듯 합니다.
슈로스등 측만증 전문 치료사의 경우 병원에 상주 하고 치료 방법은 치료사와 환자가 1:1로 치료를 진행하고 있으며 바른자세 및 필요한 근육강화 훈련등을 병행하여
치료를 진행 하고 있습니다.
자세한 상담은 내원하셔서 원장님과 상담을 권해 드립니다.",http://xn--od1b68l0cz88csgeeoi.com/bbs/board.php?bo_table=online&wr_id=82&page=22,관리자,11-11
측만증 원인,,"1. 측만이 있는데 특발성인지 기능성인지 알 수 있는 방법이 있나요? (31세 남성인데 측만이 있다는 것을 28세쯤 알게 되었습니다)
2. 특발성은 치료불가능하고 기능성은 후천적 요인이라 교정치료로 개선가능하다고 알고있습니다. 맞나요?
우선병원 방문하기전에 여쭤봅니다.
사진 첨부할게요(콥스 각도도 알고 싶습니다)",http://xn--od1b68l0cz88csgeeoi.com/bbs/board.php?bo_table=online&wr_id=77&page=22,송재준,10-16,"> 
 > 
 > 1. 측만이 있는데 특발성인지 기능성인지 알 수 있는 방법이 있나요? (31세 남성인데 측만이 있다는 것을 28세쯤 알게 되었습니다)
> 
> 2. 특발성은 치료불가능하고 기능성은 후천적 요인이라 교정치료로 개선가능하다고 알고있습니다. 맞나요?
> 
> 우선병원 방문하기전에 여쭤봅니다.
> 사진 첨부할게요(콥스 각도도 알고 싶습니다)
 > 
 >
안녕하십니까 문의사항에 대한 답변을 도와드리겠습니다
1.일반적인 움직임 검사로 확인 할 수 있는 adam's test 가있구요, 특발성인지 정확히 알고 싶으시다면 X-ray 분석 시 Cobb's angle(척추뼈의 휘어진 정도의 각도)척추의 회전 정도를 보고 판별할 수 있습니다
2.기능성이 치료의 예후가 더 좋은 것은 사실이며(원인을 정확이 알 수 없는 특발성인 뼈자체의 구조적인 문제보다는 후천적 자세나 습관으로 인한 근육의 문제가 기능성입니다)
특발성척추측만증 은 척추 자체의 모양(cobb's angle의 각도)의 개선보다는 외형적인 모습의 변화나 기능적인부분(통증,움직임)이 개선 될 수 있는 부분이 큽니다
도수치료와 운동치료를 통해 척추뼈 자체의 퇴행이 심하게 오지 않으면 어느정도의 각도 개선도 효과는 있습니다
3.첨부된 사진의 화질상의 고려로 참고하시어 cobb's angle 약~17~18 도 되십니다",http://xn--od1b68l0cz88csgeeoi.com/bbs/board.php?bo_table=online&wr_id=78&page=22,관리자,10-17
도수치료 가능한가요?,,"도수치료 가능한가요?
허리가 아파서 그러는데...
주사 치료만 하는건가요?",http://xn--od1b68l0cz88csgeeoi.com/bbs/board.php?bo_table=online&wr_id=75&page=22,우승필,07-12,"안녕하세요
일단 답변은 도수치료는 가능 합니다.
허리가 아프시다고 하는데
먼저 원장님 진료 후 원장님께서 도수치료가 필요 하다고 판단되면
도수치료는 가능합니다.
주사치료는 환자분의 상태에 따라 다르지만 대부분 시행 하며
환자분께서 주사에 대한 거부감이 많이 있으실 경우
거기에 맞게 원장님께서 상담 및 치료를 진행 합니다.
감사합니다.",http://xn--od1b68l0cz88csgeeoi.com/bbs/board.php?bo_table=online&wr_id=76&page=22,관리자,07-12
학교 검진에서 측만증 이라고 나왔는데 어떻해요,,"저~~ 학교에서 검진... 그런걸 했는데 측만증이 있다고 해요
무슨 병인지 전 아픈곳이 없는데
측만증이면 어떻게 해야 하는거에요?",http://xn--od1b68l0cz88csgeeoi.com/bbs/board.php?bo_table=online&wr_id=73&page=22,방긋 방긋 ^^,07-12,"안녕하세요
우선 측만증이라고 하였다는데...
우선 측만이 있는것과 측만증은 척추의 뒤틀린 각이 몇도 인지에 따라
측만증과 단순히 측만이 있는것으로 판단 합니다.
뭐 어떻게 보면 둘다 같은 말이기는 한데.... 그죠
아무튼 측만증이 있다고 하면
저희 병원 홈페이지에 나와 있듯이  척추가 휘어져 있는것을 말합니다.
측만증의 경우 치료 시기가 중요 합니다.
학생들 특히 성장기에 있는 학생들의 경우 측만증 치료는 필요 하다고 판단하고 있습니다.
측만증의 경우 그대로 둘 경우 대부분 성인이 되어서도 측만증이 그대로 유지 될수 있고
더 심해 지는 경우가 많이 발생 합니다.
성장기의 측만증의 경우 대부분 특별한 증상이 없으며 심한경우 외형적으로 나타 나기도 합니다.
성자기에 있는 청소년의 경우 측만증을 적극적으로 치료 할경우 어느 정도 정상 범위로 돌아 올수 있으나
성인 측만증의 경우 정상 범위로 돌아 오기가 힘들다는 것만 인지 하고 계시면 되겠구요
측만증의 대부분은 성장기 이후 나이가 들수록 통증이 나타나는 경우가 많이 있습니다.
측만증이 나타난 부위 별로 차이는 있으나
허리 통증, 목 통증, 등 통증  기타 등등의 통증이 지속적으로 나타 날수 있으며
허리 디스크 또는 허리 협착증이 빠른 시기에 나타 날수 있습니다.
좀더 정확한 내용과 상담을 받고 싶다면 내원 하시여 검사를 진행하고
원장님과 상담을 받길 권해드립니다.
미성년자의 경우 부모님과 동행하는것을 추천해 드립니다.",http://xn--od1b68l0cz88csgeeoi.com/bbs/board.php?bo_table=online&wr_id=74&page=22,관리자,07-12
성장 클리닉 상담 받고 싶은데....,,"저희 아이의 키가 고민 입니다.
인터넷 보고 궁금한 점이 있어서요
성장클리닉을 다니면 키가 실제로 크는건가요
어떤식으로 키를 크게 하는거죠?",http://xn--od1b68l0cz88csgeeoi.com/bbs/board.php?bo_table=online&wr_id=71&page=22,최종일,07-12,"안녕하세요
일단 성장 클리닉을 문의 하시는데
저희 병원에서 성장 클리닉을 운영 하는것은 맞습니다.
일단 저희 병원에서는 아이의 검사를 먼저 진행 하게 됩니다.
X-ray 검사를 통하여 아이의 예상 키를 알려 드릴수 있구요
성장 클리닉은 조금 아이의 키가 클수 있도록 도와 주는 역할을 하는 것이라고 생각 하시는게 맞을듯 합니다.
우선 성장판을 자극 하는 여러가지 운동들을 시행 하고
도수 치료를 통하여 아이의 근육을 자극 하여 성장에 도움이 되도록 노력 하고 있습니다.
충분한 답변은 아닐것입니다.
정확한 검사를 위하여 내원하여 상담을 받아 보시길 권해 드립니다.",http://xn--od1b68l0cz88csgeeoi.com/bbs/board.php?bo_table=online&wr_id=72&page=22,관리자,07-12
측만증과 협착증은 다른 건가요?,,"측만증과 협착증은 다른 건가요?
협착증... 측만증 뭐가 다른거죠?",http://xn--od1b68l0cz88csgeeoi.com/bbs/board.php?bo_table=online&wr_id=69&page=22,송필환,02-14,"안녕하세요 ^^
우선 협착증과 측만증은 명확히 다른 질환입니다.
협착증이란 허리 뼈의 공간(디스크)이 협소해 지면서 허리 뼈들이 서로 붙는것을 말합니다.
뼈끼리 부디치료 마찰이 생기면서 신경을 건들어서 통증 또는 하체쪽으로 저림 증상등을 나타나게 되는데
이것을 협착증이라고 합니다.
협착증의 경우 디스크 증상을 동반하는 경우가 많이 있습니다.
측만증이란 허리의 척추 뼈가 S자 또는 C 자 형태로 휘어지게 되는것을 말하며
측만증의 경우 앞으로 숙였을때 모양의 뒤틀림 또는 X-ray 촬영으로 알수 있으면
어린 나이 또는 젋은 나이에서는 통증이 거의 나타 나지 않으나 나이가 들수록 통증 또는 외형적인 변화가
나타 납니다.
협착증의 경우 비수술적 요법 또는 수술적인 요법으로 증상을 호전 시킬수 있으나
측만증의 경우 나이가 들수록 치료 가 힘들어 질수 있습니다.
측만증인 경우 빠른 치료와 정확한 치료 방법으로 치료를 할것을 권해 드립니다.",http://xn--od1b68l0cz88csgeeoi.com/bbs/board.php?bo_table=online&wr_id=70&page=22,관리자,02-14
프롤로치료 하나요?,,"프롤로치료 가능한가요
가능하다면 팔꿈치에도 프롤로치료가 가능한가요?",http://xn--od1b68l0cz88csgeeoi.com/bbs/board.php?bo_table=online&wr_id=67&page=22,손한조,02-14,"안녕하세요
우선 팔꿈치 프롤로 치료는 가능합니다.
병원에 내원하시여 원장님 진료 후 치료 방향과 기간을 설명들으시며 될듯하구요
병원에 내원하시여 김영환 원장님을 찾으시면 프롤로 치료는 언제든지 가능합니다.
감사합니다.",http://xn--od1b68l0cz88csgeeoi.com/bbs/board.php?bo_table=online&wr_id=68&page=23,관리자,02-14
측만증 치료 받고 싶은데 어떻게 하면 되나요?,,"안녕하세요
측만증 치료를 받고 싶은데 어떻게 해야 하나요?
측만증 진단은 받았는데 치료랑 비용이 궁금해요",http://xn--od1b68l0cz88csgeeoi.com/bbs/board.php?bo_table=online&wr_id=64&page=23,김효상,01-11,"네
안녕하세요
우선 측만증의 경우 시기가 가장 중요합니다.
성장기의 청소년 및 유년기에 치료를 하는것이 가장 효과 적이며 성인의 경우
치료를 시행 하였을때 측만증 개선이 성장기의 아이들 보다는 더디고 본인이 생각하는 수준까지
개선이 안될수도 있다는 것을 알려 드립니다.
우선 저희 병원에서 측만증 치료는
검사시행,   결과 확인,  환자분의 상태에 맞는 치료를 하게 됩니다.
도수 치료 와 운동 치료를 병행 하여 치료를 진행하며 치료 시간은 1시간 정도 이며
저희 병원 전문인력(물리치료사)와 함께 치료를 진행 합니다.
비용은 환자분의 치료 방향과 치료 형태에 따라 비용이 다소 차이가 있습니다.
병원에 내원 하시여 검사 및 상담이 필요한 부분입니다.",http://xn--od1b68l0cz88csgeeoi.com/bbs/board.php?bo_table=online&wr_id=65&page=23,관리자,01-11
측만증 검사 및 치료 가능 여부를 알수 있을까요?,,"측만증 검사 및 치료를 하고 싶어요
어떻게 하면 되나요?",http://xn--od1b68l0cz88csgeeoi.com/bbs/board.php?bo_table=online&wr_id=59&page=23,선진,12-28,"안녕하세요
온누리 통증의원입니다.  ^^
우선 측만증 검사는 여러 가지 방법이 있지만 가장 정확한 방법은 척추 전체 사진을 찍어 확인 하는 것입니다.
척추 전체 모양을 보고 척추의 틀어진 각도등을 확인 후 측만증 진단을 내리게 되며
치료는 환자분 상태에 따라 치료 방법이 조금씩 차이가 나게 됩니다.
우선 저희 병원에서는 도수치료(근막이완술)와 환자분 상태에 맞는 운동치료를 병행 하여 근본적인
측만증 치료를 하고자 합니다.
정확한 검사와 상담은 내원하시여 상담을 받아 보시실 권해드립니다.",http://xn--od1b68l0cz88csgeeoi.com/bbs/board.php?bo_table=online&wr_id=60&page=23,관리자,12-28
김영환 원장님 진료,,"안녕하세요
우선 김영환 원장님께서는 저희 병원에서 2019년 1월 3일 부터 진료 시작 하십니다.
벌써부터 예약을 많이 하시네요
방문 전 전화로 예약 부탁 드립니다.",http://xn--od1b68l0cz88csgeeoi.com/bbs/board.php?bo_table=online&wr_id=58&page=23,관리자,12-28,No answer,N/A,N/A,N/A
김영환 원장님 언제부터 진료 하세요?,,"안녕하세요
김영환 원장님 께서 병원이 옴기신다고 해서요
원장님 언제부터 그병원서 진료 가능해요?",http://xn--od1b68l0cz88csgeeoi.com/bbs/board.php?bo_table=online&wr_id=57&page=23,박성호,12-28,No answer,N/A,N/A,N/A
힐트테라피 치료 가능한가요?,,"병원에 힐트테라피(고강도레이져) 치료 가능한가요?
가능 하다면 예약을 따로 해야 하나요?",http://xn--od1b68l0cz88csgeeoi.com/bbs/board.php?bo_table=online&wr_id=55&page=23,효진,12-28,"안녕하세요  ^^
우선 답변은 힐트테라피 치료는 언제든지 가능합니다.
예약을 해주시면 좋아요~~~~   ^^
우선 저희 병원에서 원장님 진료를 받은 후 힐트테라피 치료 적용 부위인지
치료를 하게 되면 어떻게 얼마나 필요한지는 진료 후 결정 됩니다.
우선 내원 하시여 진료를 받아보시길 권해드려요
힐트 치료는 언제든지 가능합니다.
저희 병원 힐트테라피 버전은 3.0 입니다.",http://xn--od1b68l0cz88csgeeoi.com/bbs/board.php?bo_table=online&wr_id=56&page=23,관리자,12-28
다른 병원에서 거북목 진단을 받았어요,,"다른 병원에서 거북목 진단을 받았는데요
집이 이근처라 여기서 치료가 가능한지 문의 드려요
거북목 치료는 어떻게 진행 되는지 비용은 얼마 인지 알고 싶어요?",http://xn--od1b68l0cz88csgeeoi.com/bbs/board.php?bo_table=online&wr_id=53&page=23,라울,12-08,"안녕하세요
일단 거북목 진단을 받으셨다지만 사진이 있다면 저희 병원에 내원 하실때 재출 하시고요
만약 사진이 없다면 저희 병원에서 한번더 검사를 진행 하여야 할듯 합니다.
거북목 진단이 맞다면
저희 병원에서는 도수 치료 및 바른 자세교육 운동 치료를 통하여 치료를 진행하며
치료 시간은 1시간 정도 소요 됩니다.
만약 환자분이 목, 어깨, 등  통증이 있다면 통증 완화치료도 같이 병행 하게 됩니다.
비용은 내원 하시여 어떤 치료를 하느냐에 따라 차이 있을수 있습니다.
내원하시여 상담 및 검사를 권해드리며 충분한 답변이 되었으면 좋겠네요",http://xn--od1b68l0cz88csgeeoi.com/bbs/board.php?bo_table=online&wr_id=54&page=23,관리자,12-08
"조금만 걸어도 아파해요 ㅡ,.ㅡ",,"안녕하세요
중학교 2학년 여자 아이를 둔 엄마입니다.
아이가 조금만 걸어도 허리 아래쪽이 아파다고 해요
같이 다니고 싶은데 조금만 걸어도 아프다고 하니 같이 다닐수도 없어요
뭐가 문제 인지 모르겠어요",http://xn--od1b68l0cz88csgeeoi.com/bbs/board.php?bo_table=online&wr_id=51&page=23,소진엄마,12-08,"안녕하세요
우선 조금만 걸어도 아파다면....
흠~~~ 글쎄요
원인은 다양 하겠지만 우선 저희 병원에서는
골판틀어짐, 측만증, 다리길이 차이..... 등 이 의심됩니다.
우선 검사를 통하여 확인이 필요 할것으로 생각되며...
검사 결과에 따라 치료 방향이 결정하면 될것 같습니다.
검사를 해보지 않고는 정확한 답변을 드릴수 없어 죄송하네요
내원하셔서 상담 및 검사를 해보시길 권해드립니다.",http://xn--od1b68l0cz88csgeeoi.com/bbs/board.php?bo_table=online&wr_id=52&page=23,관리자,12-08
측만증 치료 시간은 얼마나 결려요?,,"측만증 치료를 하게 되면 시간은 어떻게 걸리나요?
직장인인데 치료 시간이나 뭐 요일 같은게 궁금한데요?",http://xn--od1b68l0cz88csgeeoi.com/bbs/board.php?bo_table=online&wr_id=49&page=23,조민혜,12-07,"안녕하세요
저희 병원에서 측만증 치료 시간은 1시간 정도 걸립니다.
저희 병원은 예약제로 운영되며 타병원에서 측만증 진단을 받았다고 하더라도
저희 병원에서 간단한 검사를 시행 후 측만증 치료 여부를 결정 하오니
내원하시여 상담을 받으시길 바랍니다.
참고로 저희 병원은 저녁 8시 까지 예약을 받아 운동치료를 시행하오니
전화로 문의 또는 내원 하시길 바랍니다.",http://xn--od1b68l0cz88csgeeoi.com/bbs/board.php?bo_table=online&wr_id=50&page=23,관리자,12-07
아이가 운동 선수 입니다.,,"안녕하세요
저희 아이가 축구 선수를 하고 있는데요
운동선수 크리닉이 있던데...
어떤것을 가는 건가요?",http://xn--od1b68l0cz88csgeeoi.com/bbs/board.php?bo_table=online&wr_id=47&page=24,희승맘,12-07,"네 안녕하세요
우선 아이가 축구 선수라고 하시는데 몇학년인지 나와 있지 않네요  ^^
축구 선수의 경우 하체쪽으로 많은 운동을 하는 종목입니다.
우선 저희 병원에서는 아이가 통증이 있다면 통증을 조절하는 치료를 먼저 시행하고
하지 전방, 후방 근막이완술을 시행하여 근육을 부드럽게 만들어 줌니다.
또한 몇가지 검사를 통하여 아이에게 필요한 운동을 처방하여 기량을 향상시키기 위해 노력 하고 있습니다.
발란스 운동, 부분 근력강화 운동등을 시행합니다.
성장기의 아이의 경우 성장 크리닉 또한 같이 진행하여 아이의 성장을 돕도록 노력하고 있습니다.
자세한 설명은 내원 하시여 추가 궁금한 사항을 확인 하시기 바랍니다.",http://xn--od1b68l0cz88csgeeoi.com/bbs/board.php?bo_table=online&wr_id=48&page=24,관리자,12-07
측만증의 주요 증상이 있나요?,,"혹시 측만증이 있는 경우 주요 증상이 있나요
어떤 증상이 나타 나는지 궁금하네요",http://xn--od1b68l0cz88csgeeoi.com/bbs/board.php?bo_table=online&wr_id=45&page=24,희진,12-06,"안녕하세요
측만증 증상이 궁금하시다고 하시는데....
우선 측만증이 있는 경우
외형적으로 한쪽 어깨가 처짐
허리를 숙였을때 척추모양이 틀어짐.
허리 등 통증.
성장 저해 등 이 나타날수 있습니다.
우선 측만증의 경우 성장기의 아이들경우 통증이나 외형적인 변화가 없을수도 있습니다.
측만증이 문제가 되는 것은 성장기가 끝난 후 통증이 나타나고 심한 경우 폐의 기능을 저하 시키게 됩니다.
측만증은 치료 시기(성장기)가 무엇보다 중요 합니다.
정확한 검사를 통하여 치료 시기를 결정하시기 바랍니다.",http://xn--od1b68l0cz88csgeeoi.com/bbs/board.php?bo_table=online&wr_id=46&page=24,관리자,12-06
아이가 허리가 아프다고 해요,,"안녕하세요
아이가 중학생인데 허리가 아프다고 해요
마사지를 해도 잠시뿐이고
계속적으로 허리 통증을 호소 하네요
측만증 일까요 외형적으로는 아무런 이상이 없는것 같은데....",http://xn--od1b68l0cz88csgeeoi.com/bbs/board.php?bo_table=online&wr_id=43&page=24,철호맘,12-06,"안녕하세요
우선 아이가 허리가 아프다고 하는 이유는 여러가지가 있습니다.
단순한 요통, 측만증, 잘못된 자세, 간혹 디스크일 수도 있습니다.
만약 측만증 때문에 허리 통증이 발생 하는 것이라면 저희 병원에서 간단한 검사를 통하여
허리 통증을 줄일수 있습니다.
우선 검사가 선행 되어야 할것이며 혹 디스크 일경우 다리저림 등이 같이 나타날수 있습니다.
단순히 허리가 계속 아프다면 디스크 보다는 다른 원인일 가능성이 많으므로 내원이 통하여 상담을 받아 볼것을 권해 드립니다.",http://xn--od1b68l0cz88csgeeoi.com/bbs/board.php?bo_table=online&wr_id=44&page=24,관리자,12-06
대학생 인데요 측만증 검사 어떻게 해요?,,"지금 대학생인데요
측만증 검사 어떻게 하는건가요?
주위 친구들이 어깨가 비대칭이라고 하는데...
저는 잘 모르겠거든요?
자가 검진법 이나 혹시 증상 같은게 있나요?",http://xn--od1b68l0cz88csgeeoi.com/bbs/board.php?bo_table=online&wr_id=41&page=24,김민선,11-27,"안녕하세요
일단 대학생이라고 하셨으니 성장은 끝났다고 생각이 들구요
음~~~~
어깨가 비대칭이라고 하시니 일단 측만증이 의심 됩니다.
측만증 검사 방법은 재일 간단하게는 X-ray 찰영을 하면 간단하게 확인 가능하구요
혹시 자가 측만증 검사가 필요 하시면 저의 병원 홈페이지에 나와 있는것을 참고 하시면 됩니다.
자가 측만증 검사를 해보아도 잘모르시겠다면 병원에 내원 하시여 검사할것을 추천해 드립니다.
예약을 하고 오시면 기다리는 시간을 최소화 할수 있습니다.
측만증 증상은 보통 성인이 된 이후 잘 나타 나며
등 또는 허리 통증을 유발하며
외형적으로 비대칭으로 보일수 있습니다.
또한 골반통증, 다리 또는 무릎 통증을 유발할수 있습니다.
병원에 내원하시여 검사를 해볼것을 추천드립니다.",http://xn--od1b68l0cz88csgeeoi.com/bbs/board.php?bo_table=online&wr_id=42&page=24,관리자,11-27
측만증 치료....,,"측만증 치료 자신 하시나요?
다른 병원에서 치료를 받아 보았지만 그때 뿐이더군요
이 병원은 치료를 자신 하시나요?",http://xn--od1b68l0cz88csgeeoi.com/bbs/board.php?bo_table=online&wr_id=39&page=24,배선민,11-23,"안녕하세요  ^^
우선 저희 병원은 측만증 특화의원으로서 측만증 치료에 자신있습니다.
하지만 측만증 치료는 무엇보다 시기가 중요합니다.
만약 환자분께서 성인이시라면  상단한 환주분의 노력과 저희 의료진의 노력이 필요합니다.
성인의 경우 무엇보다 환자분 본인의 의지가 중요하며 꾸준한 노력이 동반 되어야 합니다.
만약 환자분께서 성장기 라면 보호자의 노력과 의료진의 노력이 필요 하겠죠 ^^
측만증은 노력과 의지가 필요한  질환입니다.
저희 병원 직원은 환분 한분한분에게 최선을 다해서 치료 하고 있으며, 일시적인 효과가 아닌
계속적이고 효과적인 치료를 목적으로 하고 있습니다.
감사 합니다.",http://xn--od1b68l0cz88csgeeoi.com/bbs/board.php?bo_table=online&wr_id=40&page=24,관리자,11-23
"어깨 쭉지, 등(날깨 쭉지) 아파요 어떻게 해야 해요",,"등(날깨 쭉지)이 자주 아프고요 어깨가 자주 많이 아파요
이거 왜 그런건가요?
너무 자주 아파고 많이 아파요
누가 뒤에서 바늘로 찌르는것 같기도 하고.....
ㅡ,.ㅡ",http://xn--od1b68l0cz88csgeeoi.com/bbs/board.php?bo_table=online&wr_id=37&page=24,우희승,11-23,"안녕하세요
우선 아프신 부위만으로 판단을 하기에는 여러가지 상황이 많이 있습니다.
정확한 진료를 통해서 원인을 찾아 치료를 해야 하지만
저희 병원 경험상 환자분의 아픈 부위를 볼때 2가지 정도 원인을 생각 할수 있을것 같습니다.
우선은 목이 좋지 안아서 아프신 경우가 많을 듯 합니다.
목이 일자목 또는 거북목을 경우 입니다.
일자목 또는 거북목의 경우 목근육의 경직 또는 과도한 스트레스로 인하여 등 또는 승모근 쪽의 통증을 유발 합니다.
또 한가지는 단순히 근육의 경직으로 통증이 유발 될수 있습니다.
우선 환자분 께서 거북목 또는 일자목인지를 먼저 검사하는것이 먼저 일것 같습니다.
(저희 병원에서 검사 가능 합니다.  ^^)",http://xn--od1b68l0cz88csgeeoi.com/bbs/board.php?bo_table=online&wr_id=38&page=24,관리자,11-23
거북목 치료 문의,,"거북목 진단을 받았는데요....
거북목 치료도 가능한가요?",http://xn--od1b68l0cz88csgeeoi.com/bbs/board.php?bo_table=online&wr_id=35&page=24,곽철호,11-23,"안녕하세요
일단 거북목 치료도 가능합니다.
우선 검사가 우선되어야 하며 저희 병원에서도 거북목으로 판단된다면 치료는 언제든지 가능합니다.
거북목은 일상생활에서의 자세 또는 습관 에서 찾아 오는 경우가 많습니다.
저희 병원에서는 환자분의 자세교정 및 운동치료, 통증 도수 치료를 병행 하여 치료를 시행 할수 있습니다.
병원에 내원 하시여 정확한 상담 및 검사를 권해 드립니다.",http://xn--od1b68l0cz88csgeeoi.com/bbs/board.php?bo_table=online&wr_id=36&page=24,관리자,11-23
통증 치료는 안하는가요?,,"통증 치료는 안하나요
통증의학과 로 나오는데.....????????????",http://xn--od1b68l0cz88csgeeoi.com/bbs/board.php?bo_table=online&wr_id=29&page=25,미소,11-06,"네
물론 치료 가능 하구요
물어 보시는 증상 만으로 판단 하자면 최우선 적으로 허리 협착증이 의심되며
디스크 일수 있습니다.
그렇다고 무조건 수술해야 하는거 아니구요
간단한 시술로 일상생활이 가능 하도록 치료해 드립니다.
시술이라고 해서 아주 거창한건 아니구요
간단한 X-ray 장비를 이용 하요 증상이 나타나는 신경에 주사를 하는 것으로
시술시간은 10분 내외로 끝납니다.
우선 정확한 진단 및 치료를 위하여 병원에 내원할것을 권해 드립니다.",http://xn--od1b68l0cz88csgeeoi.com/bbs/board.php?bo_table=online&wr_id=32&page=25,관리자,11-06
측만증과 골반 통증이 관계 있나요,,"안녕하세요
측만증이 있는 아이의 부모입니다.
아이가 측만증이 있다고 진단을 받았는데 조금만 걸으면 골반이 아프다 허리가 아프다고 합니다.
이건 측만증때문일 수 있나요 아님 다른 원인이 있는건가요?
지금 치료를 받고 있지는 않습니다.",http://xn--od1b68l0cz88csgeeoi.com/bbs/board.php?bo_table=online&wr_id=27&page=25,찬호빠빠,11-03,"안녕하세요 ^^
일단 결론부터 말씀드리자면 관계가 없다고는 말을 못하겠네요
측만증을 가지고 있는 환자분들의 경우
환자분 마다 다른 증상을 나타날수 있으며
허리의 회전이 있고 측만을 동시에 가지고 있다면
골반의 좌,우 불균형으로 인하여 다리통증, 허리통증 등을 호소 할수 있으며
조금만 오래 걸었다고 생각들면 허리, 골반 등의 통증을 호소 할수 있습니다.
이런경우 치료와 함께 보조기(깔창)을 함께 시행하면 효가를 많이 보실수 있을것으로  생각됩니다.",http://xn--od1b68l0cz88csgeeoi.com/bbs/board.php?bo_table=online&wr_id=28&page=25,관리자,11-03
측만증 그냥 내버려 두면 어떻게 돼나요?,,"측만증 그냥 내벼려 두면 어떻게 되나요?
아시는 분중에 측만증이 있는데 그냥 있어두 된다는 분이 있어서요?",http://xn--od1b68l0cz88csgeeoi.com/bbs/board.php?bo_table=online&wr_id=25&page=25,달빛맘,10-30,"측만증은 검사를 통해서 정확하게 확인 할수 있습니다.
물론 육안으로도 어느 정도 확인이 가능합니다.
저희 병원 홈페이지에서 찾아 보시면 측만증 자가 검진표가 있습니다. 참고하세요 ^^
일단 측만증을 그대로 방치할경우
성장기의 아이들의 경우 측만증이 심한경우가 아니라면 별다른 통증 없이 생활할수 있습니다만
측만증으로 인하여
아이의 집중력 부족, 미용상 좌우 불균형, 성장(키)저하 등을 유발 할수 있으며
성인의 경우 허리,골반,등  등의 통증이 만성적으로 찾아 올수 있습니다.
측만증이 심한경우 갈비뼈의 변형, 한쪽 폐의 기능저하 등이 대표적인 사례입니다.",http://xn--od1b68l0cz88csgeeoi.com/bbs/board.php?bo_table=online&wr_id=26&page=25,관리자,10-30
측만증치료 받으면 나을 수있나요?,,"측만증 치료 받으면 나을수 있나요
아이가 측만증이 있어서 대학병원까지 다녀왔어요
병원마다 말하는게 달라서 치료를 해야 하는지 그냥 있어도 되는지 어떻게 해야 하나요
치료를 해봐야 할까요.....
비용도 천차만별이고 치료를 해도 좋아질지 의문이 듭니다.",http://xn--od1b68l0cz88csgeeoi.com/bbs/board.php?bo_table=online&wr_id=23&page=25,성호엄마,10-30,"안녕하세요
먼저 말씀드리자면 우선 자녀분의 현재 상태와 나이 성장 정도 등을 종합적으로 고려 하여야 합니다.
측만증 치료의 가장 중요한 것은 시기 입니다.
우선 말씀드리자면 측만증 치료는 가능합니다.
비록 여러가지 여건이 맞아야 하며
최우선시 되어야 하는 것은 측만증을 치료할 의지 입니다.
저희 병원에서 치료를 하더라도 환자 본인 스스로 또는 옆의 보호자께서 끝임없는 관심을 기우려야 합니다.
측만증은 어느 일정 시기 까지 치료와 관리가 필요한 질환입니다.
병원에서만의 치료로는 분명히 한계가 있고 본인의 의지와 노력이 절실히 필요함을 알려 드립니다.
비용은 비급여로 치료 방법 및 환자분의 상태에 따라 달라질수 있으므로 병원에 내원하시어 상담을 받기 권해 드립니다.",http://xn--od1b68l0cz88csgeeoi.com/bbs/board.php?bo_table=online&wr_id=24&page=25,관리자,10-30
측만증이 왜 발생하나요?,,"측만증이 왜 발생하나요?
아이가 학교에서 측만증 인것 같다고 하는데...
왜 생기는 건가요?
측만증 치료 꼭 해야 하나요
치료 비용은 어떻게 되는건가요?",http://xn--od1b68l0cz88csgeeoi.com/bbs/board.php?bo_table=online&wr_id=21&page=25,달빛맘,10-30,"안녕하세요
우선 자녀분이 측만증인것 같다고 하셨는데
측만이 있는 것과 측만증은 다르다는걸 말씀드리고 십습니다.
자녀분이 측만증인지는 측만증을 진단 할수 있는 병원을 방문하시여 정확한 검사를 하는것을 추천 드립니다.
자녀분이 측만증이 확실하다면 조기 치료르 권해드립니다.
그리구 측만증이 발생하는 원인은 여러가지가 있습니다.
잘못된 생활자세, 유전적인 요인, 운동부족 등의 원인으로 발생할수 있습니다.
현재 자녀분이 측만증이 의심되는 상황이라면 검사가 우선 되어야 하며
빠른 치료를 권해 드립니다.
측만증 치료는 무었보다
시기
가 가장 중요합니다.",http://xn--od1b68l0cz88csgeeoi.com/bbs/board.php?bo_table=online&wr_id=22&page=25,관리자,10-30
다른병원에 측만증 치료를 받아 봤는데요?,,"안녕하세요 ^^
다른병원에서 측만증 진단을 받고 치료를 받고 있는 사람입니다.
치료를 몇번 받아 봤느데 큰 효과가 없는듯 하여 문의 드립니다.
이 병원은 다른 병원가 다른 치료를 하는건가요?
측만증 특화의원으로 소개 되어 있던데....
저는 지금 한의원에서 치료를 하고 있으며 카이로 치료를 받고 있습니다.
이병원도 카이로 치료만으로 측만증 치료를 하시는 건가요?",http://xn--od1b68l0cz88csgeeoi.com/bbs/board.php?bo_table=online&wr_id=17&page=25,민성안,10-26,"안녕하세요
우선 저희 병원에서는 카이로 치료를 시행은 하나 꼭 필요한 경우에만 시행 합니다.
저의 병원에서는 우선 근본적인 치료 방법을 선택하여 환자분과의 치료를 진행하며
슈로스 운동을 통화여 측만증 치료를 시행 하고 있습니다.
저희 병원의 측만증 치료는 도수치료(근막이완술)와 함께 슈로스 운동 치료를 병행 하여
측만증을 보다 근본적으로 치료 하고자 노력하고 있습니다.
더 궁금한 사항이 있으시면 내원하시여 저희 선생님과 상담을 진행 볼것을 권해 드립니다.",http://xn--od1b68l0cz88csgeeoi.com/bbs/board.php?bo_table=online&wr_id=20&page=25,관리자,10-26
운동하는 아이를 두고 있습니다.,,"안녕하세요
축구하는 아이를 두고 있는 부모 입니다.
아이가 축구선수인데 다리가 아프다고 합니다.
다른 병원에 가서 여러가지 검사를 해보아도 아무런 이상이 없다고 하는데...
아이는 아파서 운동을 할때 집중을 할수 없다고 합니다.
달리기를 할때도 아파다고 하고 스피드도 떨이지구
무슨 이유인지라도 알면 좋을텐데....
아이가 중학생이라 이제 와서 축구를 그만두게 하는것도 그렇고
아이가 워낙 운동을 좋아해서 답답한 마음에 글을 써봅니다.
이 병원에서 운동 선수 클리닉도 하던데...
혹시 원인이라도 알수 있을까요
정말 답답합니다.",http://xn--od1b68l0cz88csgeeoi.com/bbs/board.php?bo_table=online&wr_id=16&page=26,효준 아빠,10-26,"안녕하세요
우선 많이 답답하시고 속상하시겠습니다.
아이의 통증은 글쎄요 뭐라고 속단 하기는 힙이들듯합니다.
계속적으로 통증을 호소 한다면 원인은 있을것이나 CT, MRI 등의 의료 장비로 이상유무를 확인 해도
아무이상이 없는것으로 나왔다면
다른 검사 방법을 통화여 통증의 원인을 찾는것이 좋을듯 합니다.
우선 내원 하시는것을 권해 드리며, 아이의 상태를 저희가 정확하게 파악해야 할것 같습니다.
통증을 우발 하는 원인을 의심할수는 있으나 환자분을 보지 않고는 정확히 판단하기 어렵습니다.
원인 모를 통증의 경우 근육 불균형, 좌우 불균형, 구조적인 이상 보다는 다른 원인이 있을수 있습니다.
우선 내원하시여 아이의 상태를 확인 할것을 권해 드립니다.",http://xn--od1b68l0cz88csgeeoi.com/bbs/board.php?bo_table=online&wr_id=19&page=26,관리자,10-26
성인 측만증은 치료 안하나요?,,"성인 측만증은 치료가 안돼나요?
20대 중반 여성입니다.
계속적인 등 통증이 있어서 병원에 갔더니 측만증 이라고 하는데..
치료 방법이 없다고 아프면 치료 받고 안아프면 그냥 있으라고 하더군요
(참고로 대학병원에 까지 다녀 왔습니다 ㅠ.ㅠ)
이렇게 계속적인 통증을 달고 살아야 하나요?",http://xn--od1b68l0cz88csgeeoi.com/bbs/board.php?bo_table=online&wr_id=15&page=26,붉은 갈대,10-26,"안녕하세요
일단 간단한 답변은 성인 측만증 또한 치료를 시행하고 있습니다.
하지만 성인의 경우 연령에 따라 또는 환자분의 정확한 상태에 따라 치료 여부가 결정됩니다.
단, 성인의 경우 치료를 시행하였을때 효과를 과연 볼수 있을지 효과가 있다면 어느 정도 인지는
정확한 검사를 통하여 알수 있으며 검사 결과에 따라 치료 여부와 치료 방향을 결정 합니다.
치료를 하여서 효과를 보지 못할것 같은데 치료를 시행 하는 것은 무책임한 일 일것입니다.
우선 치료 여부과 정확한 상태를 알기 위해서라도 병원에 내원해 주실것을 권해 드립니다.",http://xn--od1b68l0cz88csgeeoi.com/bbs/board.php?bo_table=online&wr_id=18&page=26,관리자,10-26
저희 아이가 측만증 진단을 받았는데 치료 안하면 어떻게 되요?,,"저희 아이가 학교 신체 검사에서 측만증이 의심 된다고 나왔거든요?
아이는 특별히 아픈곳이 없다고 하는데 그냥 있으면 어떻게 되나요?",http://xn--od1b68l0cz88csgeeoi.com/bbs/board.php?bo_table=online&wr_id=13&page=26,가을 국화,10-25,"안녕하세요!
일단 측만증 진단을 받으셨다는데, 척추 측만이 있다는 것과 측만증은 다른 의미를 가지고 있습니다.
측만증의 경우 x-ray 촬영 후 척추의 틀어진 각도를 정확하게 측정 해보아야 측만증 진단이 가능 합니다.
우선 저희 병원처럼 측만증을 정확히 진단 할수 있는 병원에서 검사가 우선 시행 되어야 하며, 측만증이 맞다면 거기에 맞는
측만증 치료를 권해 드립니다.
우선 측만증으로 진단이 나왔고 아이가 현재 통증이 없다고 하시는데 측만증의 경우 대체로 성인이 되고 나서 통증 및 여러 가지
부작용이 나타 납니다.
1. 등 또는 허리 통증이 나타날수 있습니다.
2. 집중력 저하로 인하여 성적에도 영향을 미칠수 있으며,
3. 갈비뼈의 변형을 우발 할수 있다.
4. 한쪽의 폐가 재기능을 상당부분 못할수 있으며,
5. 미용상의 문제가 발생 할수 있다.(한쪽 어깨 또는 골반의 뒤틀림)
6. 아이의 경우 키(성장) 발달에 문제를 일으킬수 있습니다.
위의 경우들 이외 여러 가지 문제를 일으킬수 있습니다.
측만증의 경우 치료 시기가 중요 합니다.
우선 병원에 아이와 함께 내원하시어 검사를 먼저 진행해 볼것을 권해드립니다.",http://xn--od1b68l0cz88csgeeoi.com/bbs/board.php?bo_table=online&wr_id=14&page=26,관리자,10-25
키가클수있나요?,,우리 아이가 또래에 비해 키가 작은거 같은데 희망이 있을까요?,http://xn--od1b68l0cz88csgeeoi.com/bbs/board.php?bo_table=online&wr_id=11&page=26,해바라기,10-23,"> 
 > 
 > 우리 아이가 또래에 비해 키가 작은거 같은데 희망이 있을까요?
 > 
 >
우선 아이의 나이나 기타 정보가 없어서 정확한 이야기를 하기는 어렵습니다.
아이의 키는 여러가지 상황 및 부모님의 유전적인 것, 영양상태 기타 등등으로 키를 결정합니다.
그러나 간단한 검사를 통하여 아이의 예상키를 측정할수 있으며 바른 자세 및 성장판 자극등으로 통하여
아이의 키를 결정 할수 있습니다.
저희 병원에 내원 하시여 우선 간단한 검사를 진행 하여 아이의 예상 키를 측정해 볼것을 권해 드립니다.",http://xn--od1b68l0cz88csgeeoi.com/bbs/board.php?bo_table=online&wr_id=12&page=26,관리자,10-25
거북목 치료 가능 한가요,,"거북목도 치료 가능 한가요?
치료 한다면 어떤 방식으로 치료 하는 가요?
거북목 진단은 어떻게 하나요?",http://xn--od1b68l0cz88csgeeoi.com/bbs/board.php?bo_table=online&wr_id=9&page=26,은혜,10-23,"안녕 하세요
일단 거북목이란 정상적인 목의 모양인 c 자 모양이 아닌 가슴보다 머리나 목이 앞으로 나온상태를 말합니다.
거북목을 경우 만성피로 및 목, 등, 어께 부위의 통증을 발생 시킬수 있습니다.
거북목의 치료는 우선 자세 교정이 우선 되어야 하며 도수 치료 및 운동 치료를 통하여 치료 할수 있습니다.
환자 본인이 거복목이라고 진단을 받은 경우 영상 사진이 있다면 우선 가져 오시고 저희 병원에서 차후 필요에 따라
추가 검사를 진행 후 진단을 합니다.
거북목 진단을 저희 원장님도 진단 하신경우 환자분의 상태에 따라 치료 방향 및 치료 방법을 결정 합니다.
1:1 치료 방식으로 진행 하며 운동치료와 도수 치료를 같이 병행 할경우 1시간에서 1시간 30분 정도 소요 되며
예약을 하셔야 합니다.",http://xn--od1b68l0cz88csgeeoi.com/bbs/board.php?bo_table=online&wr_id=10&page=26,관리자,10-23
측만증 치료는 어떻게 진행 되나요?,,"측만증 진단을 다른 병원에서 받았는데요???
이 병원에서는 어떻게 치료를 하시는가요?",http://xn--od1b68l0cz88csgeeoi.com/bbs/board.php?bo_table=online&wr_id=7&page=26,송근삼,10-22,"안녕하세요
일단 측만증 진단을 받으셨다는데 정확한 확인 및 차후 진행 상황을 확인 하기 위하여
저희 병원에서 한번 더 검사가 필요합니다.
물론 가지고 계신 영상이 있다면 참고 할수 있으나 병원마다 약간의 차이가 있어 저희 병원에서
간단한 x-ray 찰영 후 상태를 정확하게 확인 후 치료 방향을 결정 합니다.
일단  나이나 성별을 저희가 잘 모르지만 측만증 치료는 나이가 어릴수록 좋아요 ^^
저희 병원에서는 측만증 치료를 위하여 물리치료사 선생님이 1:1 치료를 원칙으로 하고 있으며 근막이완술 및 운동을 병행하여
치료를 진행 하고 있으며 치료 시간은 1시간에서 1시간 30분 정도 소요 됩니다.
치료 비용은 개인별 차이가 있으므로 병원을 방문하여 정확한 상담이 있어야 할듯 합니다.
다시 한번 말씀드리지만 측만증 치료는 시기가 무었보다 중요 합니다.
꼭 검사 및 치료를 권장해 드립니다.",http://xn--od1b68l0cz88csgeeoi.com/bbs/board.php?bo_table=online&wr_id=8&page=26,관리자,10-22
